g824.Adom	Uncharacterized
g163.Adom	Uncharacterized
g1652.Adom	Uncharacterized
g1745.Adom	CYP3
g226.Adom	Uncharacterized
g2115.Adom	CYP3
g2505.Adom	Uncharacterized
g260.Adom	CYP4
g573.Adom	CYP4
g2764.Adom	CYP4
g2868.Adom	CYP4
g93.Adom	CYP4
g2871.Adom	CYP3
g2872.Adom	CYP3
g2875.Adom	CYP4
g2913.Adom	Uncharacterized
g2937.Adom	CYP4
g2966.Adom	CYP4
g2997.Adom	esterase_FE4
g3005.Adom	CYP4
g3556.Adom	CYP3
g3036.Adom	CYP4
g1372.Adom	Uncharacterized
g3046.Adom	CYP3
g3088.Adom	Uncharacterized
g3375.Adom	Uncharacterized
g3437.Adom	CYPM
g3453.Adom	CYP3
g3472.Adom	CYPM
g3492.Adom	CYP3
g3548.Adom	CYP3
g3607.Adom	CYPM
g3658.Adom	CYPM
g1376.Adom	CYP3
g3676.Adom	CYPM
g3696.Adom	CYP4
g3700.Adom	CYP4
g3719.Adom	Uncharacterized
g3759.Adom	CYP4
g3774.Adom	CYPM
g3807.Adom	CYPM
g3885.Adom	Uncharacterized
g3975.Adom	Uncharacterized
g4029.Adom	CYP2
g1388.Adom	CYP3
g4080.Adom	Uncharacterized
g4095.Adom	Uncharacterized
g4110.Adom	CYP2
g4122.Adom	CYP3
g4143.Adom	CYP3
g4144.Adom	CYP2
g4160.Adom	Uncharacterized
g4169.Adom	CYP2
g4176.Adom	CYP2
g4208.Adom	Uncharacterized
g1425.Adom	CYP3
g4237.Adom	CYP2
g4265.Adom	CYP2
g4294.Adom	CYP3
g4317.Adom	CYPR
g4343.Adom	CYP3
g4379.Adom	CYP3
g4386.Adom	CYP3
g4404.Adom	CYP3
g4408.Adom	CYP3
g4420.Adom	CYP3
g1460.Adom	Uncharacterized
g4456.Adom	Uncharacterized
g4486.Adom	CYP3
g4509.Adom	CYP3
g4512.Adom	CYP2
g4574.Adom	CYP4
g4660.Adom	Uncharacterized
g4983.Adom	Uncharacterized
g5032.Adom	CYP3
g5059.Adom	Uncharacterized
g5149.Adom	CYP3
g1526.Adom	CYP3
g5180.Adom	CYP4
g5194.Adom	cytochrome_P450_monooxigenase_CYP4H10
g5571.Adom	Uncharacterized
g6492.Adom	Uncharacterized
g6551.Adom	CYP3
g6581.Adom	CYP3
g6601.Adom	CYP3
g6607.Adom	CYP4
g6611.Adom	CYP4
g6639.Adom	cytochrome_P450_monooxigenase_CYP4H10
g1612.Adom	CYP3
g6644.Adom	CYP4
g6724.Adom	CYP4
g6745.Adom	CYP4
g6756.Adom	cytochrome_P450_monooxigenase_CYP4H10
g6770.Adom	CYP2
g6783.Adom	CYP3
g6788.Adom	CYP3
g6812.Adom	CYP4
g4.Amar	CYP4
g55.Amar	CYP4
g27.Amar	CYP3
g66.Apis	CYP3
g355.Apis	CYP3
g405.Apis	CYP2
g412.Apis	CYP3
g42.Apis	CYP3
g451.Apis	CTL_protein_2
g54.Apis	CYP3
g495.Apis	CYP3
g506.Apis	CYP3
g672.Apis	CYP4
g709.Apis	Uncharacterized
g7.Apis	CYP2
g750.Apis	CYP4
g752.Apis	CYP2
g204.Apis	Uncharacterized
g29.Apis	CYP2
g287.Apis	CYP3
g4.Apis	CYPM
g317.Apis	CYP4
g329.Apis	CYP4
g331.Apis	CYP4
g997.Bput	Uncharacterized
g32.Bput	anaphase-promoting_complex_subunit_1
g1851.Bput	Uncharacterized
g1909.Bput	CYP3
g1959.Bput	CYP4
g2252.Bput	CYP3
g356.Bput	CYP4
g2374.Bput	CYP3
g2385.Bput	CYP3
g2393.Bput	CYP3
g2426.Bput	CYPM
g103.Bput	CYP3
g2484.Bput	CYP2
g2559.Bput	Uncharacterized
g2744.Bput	Uncharacterized
g2840.Bput	Uncharacterized
g2900.Bput	CYP2
g2901.Bput	CYP2
g2912.Bput	CYP4
g2934.Bput	CYP4
g3059.Bput	Uncharacterized
g3128.Bput	CYP4
g115.Bput	CYP3
g3151.Bput	CYP4
g3272.Bput	CYP4
g3337.Bput	CYP2
g3375.Bput	CYP4
g3408.Bput	CYP4
g3427.Bput	CYP2
g3502.Bput	CYP3
g60.Bput	CYPM
g3635.Bput	Uncharacterized
g3725.Bput	CYP3
g3542.Bput	sodium-coupled_monocarboxylate_transporter_1
g3729.Bput	CYPM
g3807.Bput	CYP4
g4937.Bput	CYP4
g502.Bput	CYP4
g5026.Bput	CYP4
g5201.Bput	CYP4
g5204.Bput	CYP4
g5263.Bput	Uncharacterized
g5284.Bput	CYP3
g5294.Bput	CYP4
g1146.Bput	CYP2
g531.Bput	nitric_oxide_synthase,_salivary_gland
g5344.Bput	CYP4
g537.Bput	CYP3
g5440.Bput	CYP4
g5485.Bput	CYPM
g5538.Bput	CYP2
g5594.Bput	CYP4
g5609.Bput	CYP4
g5617.Bput	CYP3
g5663.Bput	CYP4
g1175.Bput	CYP2
g5696.Bput	Uncharacterized
g827.Bput	CYP3
g947.Bput	CYP3
g1199.Bput	CYP4
g1203.Bput	CYPR
g1598.Bput	Uncharacterized
g1006.Bros	CYP2
g141.Bros	CYP4
g149.Bros	CYP2
g1534.Bros	CYP3
g1590.Bros	CYP4
g1812.Bros	CYP4
g183.Bros	CYP3
g1946.Bros	CYP4
g1991.Bros	CYP2
g2008.Bros	CYP3
g2017.Bros	CYP4
g51.Bros	CYP3
g2024.Bros	RNA-binding_protein_28
g209.Bros	CYP2
g2189.Bros	CYPM
g2247.Bros	CYP4
g2379.Bros	CYP4
g2598.Bros	CYP3
g2615.Bros	CYP3
g2654.Bros	CYP3
g2731.Bros	CYP2
g2751.Bros	CYP2
g1045.Bros	CYP2
g2776.Bros	CYPM
g2923.Bros	Uncharacterized
g389.Bros	Uncharacterized
g3191.Bros	Uncharacterized
g3926.Bros	CYP3
g3257.Bros	CYP4
g3261.Bros	CYP4
g3265.Bros	CYP4
g3288.Bros	CYP4
g3324.Bros	CYP4
g1082.Bros	CYP3
g3332.Bros	CYP4
g3333.Bros	CYP4
g3334.Bros	CYP4
g3335.Bros	CYP4
g3382.Bros	CYPM
g3410.Bros	CYP3
g3432.Bros	CYP2
g3452.Bros	CYP4
g3460.Bros	CYP4
g3468.Bros	CYP3
g119.Bros	CYP4
g3518.Bros	CYP3
g3549.Bros	CYP3
g3656.Bros	CYP2
g3690.Bros	CYP2
g3704.Bros	CYP2
g3742.Bros	CYP3
g3760.Bros	CYP2
g3788.Bros	CYP3
g3804.Bros	CYP4
g3827.Bros	CYP4
g1239.Bros	CYP4
g3873.Bros	CYP3
g3977.Bros	CYP4
g3992.Bros	CYP4
g3999.Bros	CYP4
g4059.Bros	CYP3
g4141.Bros	CYP2
g4153.Bros	CYP4
g4213.Bros	CYP4
g4242.Bros	CYP2
g4321.Bros	CYP3
g1506.Bros	CYP4
g4573.Bros	CYP3
g4639.Bros	CYP4
g4641.Bros	CYP4
g4645.Bros	CYP4
g4767.Bros	CYPM
g4774.Bros	CYP3
g4780.Bros	CYP3
g4906.Bros	CYP3
g4950.Bros	CYP4
g4958.Bros	CYPR
g129.Bros	CYP4
g5019.Bros	CYP4
g5040.Bros	CYP3
g5072.Bros	CYP3
g6.Bros	CYP3
g138.Bros	CYP4
g2138.Cfor	CYPM
g1782.Cfor	CYP4
g1895.Cfor	CYP3
g2433.Cfor	fatty_acid_synthase
g514.Cfor	Uncharacterized
g1965.Cfor	CYP2
g2040.Cfor	CYP4
g2151.Cfor	CYPM
g3529.Cfor	Uncharacterized
g2384.Cfor	CYP2
g2587.Cfor	prosaposin
g77.Cfor	Uncharacterized
g2709.Cfor	CYP4
g3295.Cfor	Uncharacterized
g2780.Cfor	CYP4
g3505.Cfor	CYP3
g4346.Cfor	CYP4
g4269.Cfor	CYP4
g4116.Cfor	CYP4
g4271.Cfor	CYP4
g454.Cfor	CYP2
g479.Cfor	Uncharacterized
g1214.Cfor	Uncharacterized
g4873.Cfor	CYP3
g4887.Cfor	CYP4
g498.Cfor	Uncharacterized
g957.Cfor	CYP4
g763.Cfor	CYP3
g829.Cfor	CYP3
g904.Cfor	CYP3
g4562.Cfor	Uncharacterized
g1518.Cfor	CYPR
g1855.Cfor	Uncharacterized
g1648.Cfor	Uncharacterized
g4753.Cfor	Uncharacterized
g605.Cfor	Uncharacterized
g3439.Choo	CYP4
g1916.Choo	CYP3
g2109.Choo	CYP3
g2938.Choo	CYP4
g3144.Choo	CYP3
g330.Choo	CYP4
g3311.Choo	CYPR
g3418.Choo	CYP4
g3533.Choo	CYP4
g3701.Choo	CYP4
g3719.Choo	CYP4
g4177.Choo	CYP4
g3767.Choo	CYP4
g3846.Choo	CYP2
g3953.Choo	CYP3
g3301.Choo	CYPR
g1841.Choo	CYP3
g2993.Choo	CYP3
g4469.Choo	CYP3
g1499.Choo	CYP4
g3713.Choo	CYP4
g3417.Choo	CYP4
g3060.Csec	Uncharacterized
g5734.Csec	Uncharacterized
g2674.Csec	CYP2
g2796.Csec	CYP2
g3814.Csec	Uncharacterized
g5736.Csec	Uncharacterized
g2701.Csec	CYP3
g2741.Csec	CYP4
g2872.Csec	Uncharacterized
g2899.Csec	CYP2
g2946.Csec	Uncharacterized
g1895.Csec	Uncharacterized
g294.Csec	CYP3
g3165.Csec	prosaposin
g843.Csec	CYP4
g3480.Csec	CYP4
g4710.Csec	CYP3
g5433.Csec	CYP3
g5469.Csec	CYP3
g5591.Csec	CYP3
g5598.Csec	CYP3
g5799.Csec	Uncharacterized
g5.Csec	CYP3
g5850.Csec	CYP3
g6090.Csec	CYP4
g6126.Csec	CYPR
g6140.Csec	CYP4
g862.Csec	CYP4
g2762.Csec	CYPM
g6131.Csec	CYPR
g2174.Csec	CYP2
g1407.Csec	CYP4
g2206.Csec	CYP3
g4546.Csec	CYP3
g941.Daus	CYP3
g812.Daus	CYP4
g1291.Daus	CYP2
g1324.Daus	CYP3
g1340.Daus	CYP2
g1425.Daus	CYP4
g1545.Daus	CYP4
g1622.Daus	CYP4
g1636.Daus	CYP2
g1665.Daus	CYP4
g1708.Daus	CYP2
g114.Daus	CYP3
g1712.Daus	CYP3
g1945.Daus	Uncharacterized
g44.Daus	CYP2
g2094.Daus	CYP2
g2130.Daus	CYP2
g631.Daus	CYP3
g2218.Daus	CYP4
g2234.Daus	CYP4
g244.Daus	Uncharacterized
g2582.Daus	CYP4
g1108.Daus	Uncharacterized
g2633.Daus	CYP4
g2701.Daus	CYP2
g2713.Daus	CYP2
g2722.Daus	CYP3
g2743.Daus	CYP4
g2790.Daus	CYPM
g2834.Daus	CYP2
g2861.Daus	CYP2
g2885.Daus	CYP3
g2918.Daus	CYP4
g6.Daus	CYP2
g2936.Daus	CYP3
g3152.Daus	CYP2
g3201.Daus	CYP3
g3205.Daus	CYPM
g3261.Daus	CYP4
g3372.Daus	CYP4
g3373.Daus	CYP4
g3379.Daus	CYP2
g3411.Daus	CYP3
g3451.Daus	CYP4
g1181.Daus	Uncharacterized
g3497.Daus	CYP3
g3569.Daus	CYP4
g3784.Daus	CYP3
g3804.Daus	CYP4
g3999.Daus	CYP4
g4010.Daus	CYP4
g4164.Daus	CYP3
g4203.Daus	CYP2
g424.Daus	CYP3
g426.Daus	CYP4
g124.Daus	CYP3
g434.Daus	CYP3
g505.Daus	CYP3
g530.Daus	CYP3
g537.Daus	CYP4
g549.Daus	Uncharacterized
g569.Daus	CYP3
g59.Daus	CYPM
g585.Daus	CYP3
g666.Daus	CYP4
g777.Daus	CYP4
g14.Daus	CYP2
g878.Daus	CYP3
g1253.Daus	CYP3
g1265.Daus	CYP3
g857.Dmel	CYP3
g1443.Dmel	Uncharacterized
g1461.Dmel	CYP3
g1469.Dmel	frazzled,
g257.Dmel	members_only
g1518.Dmel	CYP3
g2683.Dmel	shade,
g2338.Dmel	CYP3
g2378.Dmel	CYP4
g2442.Dmel	cytochrome_P450_12b2
g2460.Dmel	CYP3
g100.Dmel	CYP4
g2487.Dmel	CYP3
g2509.Dmel	CYP4
g2558.Dmel	disembodied
g2605.Dmel	spook,
g2706.Dmel	CYPM
g3390.Dmel	fused
g2733.Dmel	CYP2
g2750.Dmel	CYP4
g2800.Dmel	CYP4
g302.Dmel	CYP2
g1066.Dmel	CYP4
g33.Dmel	shadow
g3120.Dmel	CYP4
g3166.Dmel	CYP4
g337.Dmel	CYP3
g3325.Dmel	CYP4
g3334.Dmel	CYP2
g3355.Dmel	CYP4
g3425.Dmel	phantom,
g3442.Dmel	CYP2,
g346.Dmel	CYP4
g121.Dmel	DNA_ligase_3
g3471.Dmel	CYP3
g3485.Dmel	CYP3
g3501.Dmel	dynamin_related_protein_1,
g3641.Dmel	CYP4
g3749.Dmel	CYP4
g3771.Dmel	CYP4
g3784.Dmel	CYP3
g3798.Dmel	CYPR
g3859.Dmel	CYP4
g396.Dmel	Uncharacterized
g1157.Dmel	CYP4
g3981.Dmel	nimrod_C2,
g3995.Dmel	CYP2,
g4012.Dmel	CYP3
g467.Dmel	CYPM
g482.Dmel	CYP3
g521.Dmel	CYP3
g577.Dmel	CYP4
g70.Dmel	CYP4
g831.Dmel	CYP3
g851.Dmel	CYP3
g1247.Dmel	CYP4
g888.Dmel	visceral_mesodermal_armadillo-repeats,
g969.Dmel	CYP3
g12.Dmel	CYP4
g1354.Dmel	CYPM
g1373.Dmel	CYP3
g834.Dpun	CYP3
g25.Dpun	CYP4
g410.Dpun	CYPR
g50.Dpun	CYP2
g697.Dpun	Uncharacterized
g46.Dpun	CYP2
g482.Dpun	CYP3
g49.Dpun	CYP2
g988.Dpun	CYP3
g634.Dpun	Uncharacterized
g690.Dpun	CYP3
g59.Dpun	Uncharacterized
g707.Dpun	Uncharacterized
g769.Dpun	Uncharacterized
g804.Dpun	Uncharacterized
g817.Dpun	CYP3
g860.Dpun	CYP2
g867.Dpun	CYP4
g870.Dpun	CYP4
g960.Dpun	CYPM
g1033.Dpun	CYP2
g1047.Dpun	CYP3
g1061.Dpun	Uncharacterized
g9.Dpun	CYP2
g1553.Dpun	Uncharacterized
g1663.Dpun	CYP3
g1682.Dpun	Uncharacterized
g1022.Dtru	Uncharacterized
g2039.Dtru	Uncharacterized
g2095.Dtru	Uncharacterized
g2153.Dtru	Uncharacterized
g2229.Dtru	CYP3
g2237.Dtru	CYP3
g2249.Dtru	CYP3
g2262.Dtru	CYPM
g2265.Dtru	CYPM
g2333.Dtru	CYP2
g2356.Dtru	CYP2
g65.Dtru	CYP4
g2395.Dtru	CYP2
g2424.Dtru	CYP4
g2466.Dtru	CYP2
g2468.Dtru	CYP2
g2498.Dtru	CYP2
g2529.Dtru	CYP4
g2690.Dtru	Uncharacterized
g2988.Dtru	Uncharacterized
g319.Dtru	CYP4
g322.Dtru	CYP4
g8.Dtru	CYPM
g3284.Dtru	CYP4
g3318.Dtru	CYP3
g3384.Dtru	CYP3
g337.Dtru	CYP3
g3435.Dtru	CYP2
g3455.Dtru	CYP2
g3540.Dtru	CYP4
g355.Dtru	CYPM
g3625.Dtru	CYP4
g3666.Dtru	CYP4
g1571.Dtru	Uncharacterized
g3683.Dtru	CYP4
g3702.Dtru	CYP4
g3723.Dtru	CYP4
g3738.Dtru	CYP4
g3797.Dtru	CYP4
g3820.Dtru	CYP4
g3821.Dtru	CYP4
g3877.Dtru	CYPM
g391.Dtru	CYP4
g3894.Dtru	CYP2
g1583.Dtru	CYP3
g3907.Dtru	CYP2
g555.Dtru	Uncharacterized
g3954.Dtru	CYP4
g42.Dtru	CYP4
g4017.Dtru	CYPR
g4034.Dtru	CYP4
g4048.Dtru	CYP4
g4060.Dtru	CYP4
g4103.Dtru	CYP4
g4117.Dtru	CYP3
g1591.Dtru	CYP4
g418.Dtru	CYP4
g4203.Dtru	CYP3
g448.Dtru	Uncharacterized
g4214.Dtru	CYP3
g4221.Dtru	CYP4
g4240.Dtru	CYP4
g4263.Dtru	CYP4
g4360.Dtru	CYP4
g488.Dtru	Uncharacterized
g511.Dtru	Uncharacterized
g1596.Dtru	Uncharacterized
g681.Dtru	Uncharacterized
g708.Dtru	Uncharacterized
g737.Dtru	CYPM
g753.Dtru	CYP4
g896.Dtru	CYP2
g1659.Dtru	Uncharacterized
g1698.Dtru	Uncharacterized
g111.Eann	Uncharacterized
g24.Eann	CYP3
g32.Eann	CYP3
g85.Eann	CYP3
g76.Eann	CYP3
g1422.Eocu	CYP3
g2250.Eocu	CYP4
g2293.Eocu	CYP4
g2303.Eocu	CYP2
g2336.Eocu	Uncharacterized
g2361.Eocu	CYP3
g2382.Eocu	CYPM
g2389.Eocu	prosaposin
g2766.Eocu	CYPM
g2773.Eocu	CYP2
g2817.Eocu	CYP2
g117.Eocu	Uncharacterized
g2842.Eocu	CYP4
g2920.Eocu	Uncharacterized
g3171.Eocu	CYP3
g3172.Eocu	CYP3
g3180.Eocu	Uncharacterized
g3222.Eocu	CYPM
g3319.Eocu	Uncharacterized
g3431.Eocu	CYP4
g3459.Eocu	CYPR
g3507.Eocu	CYP2
g2.Eocu	CYPM
g3572.Eocu	Uncharacterized
g35.Eocu	CYP2
g3649.Eocu	CYP4
g3654.Eocu	CYP3
g3673.Eocu	CYP2
g3725.Eocu	Uncharacterized
g3816.Eocu	CYP3
g3843.Eocu	CYP4
g3903.Eocu	CYP3
g3919.Eocu	CYP4
g2038.Eocu	CYP3
g3943.Eocu	CYP3
g3993.Eocu	CYP3
g4039.Eocu	CYP4
g4055.Eocu	CYP4
g4060.Eocu	CYP2
g49.Eocu	CYP3
g502.Eocu	CYP3
g510.Eocu	CYP3
g50.Eocu	CYP3
g517.Eocu	CYP4
g2056.Eocu	CYP3
g522.Eocu	CYP3
g51.Eocu	CYP3
g650.Eocu	CYPM
g690.Eocu	CYPM
g712.Eocu	CYP3
g728.Eocu	CYP3
g729.Eocu	CYP3
g736.Eocu	CYP3
g886.Eocu	Uncharacterized
g2131.Eocu	Uncharacterized
g2135.Eocu	CYP3
g2138.Eocu	CYP3
g2151.Eocu	Uncharacterized
g80.Etor	CYP4
g350.Etor	CYP4
g607.Etor	CYP2
g613.Etor	CYP2
g749.Etor	Uncharacterized
g839.Etor	CYPM
g855.Etor	CYPR
g901.Etor	Uncharacterized
g917.Etor	CYP2
g929.Etor	CYPM
g932.Etor	Uncharacterized
g1062.Etor	CYPM
g939.Etor	CYPM
g968.Etor	CYP2
g1087.Etor	CYP2
g1106.Etor	CYPM
g1427.Etor	Uncharacterized
g129.Etor	CYP4
g200.Etor	CYP4
g237.Etor	Uncharacterized
g239.Etor	CYP4
g11.Faur	CYP4
g1.Faur	CYPM
g4.Faur	CYPM
g63.Faur	CYP4
g79.Faur	CYP4
g848.Fint	CYP4
g1247.Fint	CYP2
g1256.Fint	CYP3
g1414.Fint	CYP4
g1647.Fint	CYP4
g1705.Fint	Uncharacterized
g1744.Fint	CYPM
g18.Fint	CYP4
g1815.Fint	CYP3
g1874.Fint	CYP3
g1880.Fint	CYP4
g167.Fint	CYP4
g1930.Fint	CYP4
g1934.Fint	CYP4
g1959.Fint	CYP2
g1977.Fint	CYP4
g633.Fint	CYP3
g2002.Fint	CYP4
g571.Fint	CYP4
g2155.Fint	CYP3
g2163.Fint	CYP4
g2181.Fint	CYPM
g1091.Fint	CYP4
g2195.Fint	Uncharacterized
g2448.Fint	CYP3
g2249.Fint	CYPM
g2822.Fint	CYPM
g724.Fint	CYP3
g2280.Fint	CYP4
g2321.Fint	CYP4
g2412.Fint	CYP4
g2449.Fint	CYP3
g2538.Fint	CYP2
g1103.Fint	CYP4
g2589.Fint	Uncharacterized
g2656.Fint	CYP2
g2675.Fint	CYP4
g2692.Fint	kinesin_heavy_chain,_partial
g2793.Fint	CYP4
g2795.Fint	CYP4
g2799.Fint	CYPM
g2841.Fint	Uncharacterized
g2932.Fint	CYP3
g3078.Fint	CYP3
g4.Fint	CYP4
g3061.Fint	CYP3
g3096.Fint	CYP4
g3101.Fint	CYP4
g3133.Fint	CYP3
g3277.Fint	CYPM
g3447.Fint	CYP3
g3459.Fint	CYP2_precursor
g3496.Fint	CYP2
g3531.Fint	Uncharacterized
g3584.Fint	Uncharacterized
g1107.Fint	CYP4
g386.Fint	CYP4
g471.Fint	CYP2
g498.Fint	CYPR
g589.Fint	CYP4
g753.Fint	CYP3
g77.Fint	CYP4
g1116.Fint	CYPM
g1129.Fint	CYP4
g1150.Fint	CYP4
g789.Gbim	Uncharacterized
g2219.Gbim	CYP3
g2632.Gbim	Uncharacterized
g671.Gbim	CYP3
g469.Gbim	CYPM
g2612.Gbim	Uncharacterized
g2912.Gbim	CYP3
g2930.Gbim	CYP3
g2934.Gbim	Uncharacterized
g2961.Gbim	CYP3
g2967.Gbim	CYP3
g87.Gbim	CYPM
g3068.Gbim	CYPR
g3906.Gbim	CYP4
g349.Gbim	Uncharacterized
g4036.Gbim	Uncharacterized
g4045.Gbim	Uncharacterized
g4068.Gbim	CYP3
g4075.Gbim	CYP3
g4218.Gbim	CYP4
g4338.Gbim	CYP3
g4493.Gbim	CYP4
g6677.Gbim	CYP2
g4348.Gbim	CYP2
g4382.Gbim	CYP3
g4469.Gbim	CYP2
g4477.Gbim	CYP3
g4543.Gbim	CYP3
g454.Gbim	CYPM
g4804.Gbim	Uncharacterized
g498.Gbim	CYPM
g4883.Gbim	CYP3
g5048.Gbim	CYP4
g114.Gbim	CYPM
g5107.Gbim	CYP4
g5128.Gbim	CYP3
g5169.Gbim	CYP2
g535.Gbim	CYP4
g5192.Gbim	CYP2
g5379.Gbim	Uncharacterized
g559.Gbim	CYP4
g576.Gbim	CYP4
g585.Gbim	CYP4
g621.Gbim	CYP4
g331.Gbim	CYPM
g6585.Gbim	CYP3
g6600.Gbim	CYP3
g6602.Gbim	CYP3
g6629.Gbim	CYP4
g6652.Gbim	cytochrome_P450_CYP4BN1
g6659.Gbim	CYP3
g6667.Gbim	CYP3
g811.Gbim	CYP3
g96.Gbim	CYPM
g3411.Gbim	Uncharacterized
g1725.Gbim	Uncharacterized
g1952.Gbim	CYP3
g2071.Gbim	CYP3
g908.Harm	CYP4
g1485.Harm	CYP3
g1566.Harm	Uncharacterized
g1659.Harm	pre-mRNA_3'_end_processing_protein_WDR33
g1700.Harm	CYP4
g176.Harm	CYP2
g1731.Harm	CYP4
g4774.Harm	CYP3
g181.Harm	CYPR
g214.Harm	CYP3
g2208.Harm	Uncharacterized
g1030.Harm	CYP4
g2224.Harm	Uncharacterized
g2292.Harm	CYP4
g2302.Harm	CYP3
g2334.Harm	Uncharacterized
g2403.Harm	cytochrome_P450_monooxygenase
g2523.Harm	CYP4
g2525.Harm	CYP4
g2616.Harm	CYP3
g2620.Harm	CYP3
g2627.Harm	CYP3
g1355.Harm	CYP4
g2942.Harm	glutaminase_kidney
g272.Harm	Uncharacterized
g291.Harm	CYP2
g2972.Harm	CYP4
g3480.Harm	Uncharacterized
g340.Harm	Uncharacterized
g4750.Harm	CYP3
g466.Harm	Uncharacterized
g4695.Harm	CYP3
g468.Harm	CYP3
g138.Harm	CYP2,
g484.Harm	tubulin_polyglutamylase_TTLL2
g4730.Harm	CYP3
g4751.Harm	CYP3
g4888.Harm	CYP4
g4895.Harm	CYP4
g491.Harm	disembodied
g4926.Harm	CYP4
g4964.Harm	Uncharacterized
g5038.Harm	cytochrome_P450_monooxigenase_CYP4Q2
g502.Harm	CYPM
g1381.Harm	CYP3
g679.Harm	CYP4
g1399.Harm	CYP3
g142.Harm	CYP2,
g3870.Harm	Uncharacterized
g1472.Harm	CYPM
g975.Hcor	Uncharacterized
g1697.Hcor	CYP4
g1832.Hcor	CYP2
g1859.Hcor	CYP4
g1865.Hcor	CYP3
g1884.Hcor	CYP4
g1909.Hcor	CYP3
g1924.Hcor	CYP2
g1934.Hcor	CYP2
g1946.Hcor	CYP4
g1975.Hcor	CYP4
g95.Hcor	CYP3
g1989.Hcor	CYP4
g1996.Hcor	CYP4
g2006.Hcor	CYP4
g2011.Hcor	CYP4
g2046.Hcor	CYP4
g2074.Hcor	CYP4
g2142.Hcor	CYP4
g212.Hcor	CYP4
g2167.Hcor	CYP4
g2215.Hcor	CYP2
g1205.Hcor	Uncharacterized
g2241.Hcor	CYP2
g2259.Hcor	CYP2
g2287.Hcor	CYP2
g2321.Hcor	CYPM
g2341.Hcor	Uncharacterized
g2359.Hcor	CYPM
g236.Hcor	CYP2
g2417.Hcor	CYP3
g2502.Hcor	Uncharacterized
g2582.Hcor	Uncharacterized
g1256.Hcor	CYP4
g269.Hcor	CYP2
g2780.Hcor	Uncharacterized
g2829.Hcor	CYP4
g2834.Hcor	CYP4
g2840.Hcor	CYP4
g2846.Hcor	CYP3
g2859.Hcor	CYPM
g2912.Hcor	CYP4
g2948.Hcor	CYP4
g3116.Hcor	Uncharacterized
g1313.Hcor	Uncharacterized
g304.Hcor	CYP2
g305.Hcor	CYP3
g320.Hcor	CYP3
g349.Hcor	CYP3
g3513.Hcor	CYP4
g3565.Hcor	CYP4
g365.Hcor	CYP4
g372.Hcor	CYP4
g387.Hcor	CYP4
g494.Hcor	CYP4
g134.Hcor	Uncharacterized
g50.Hcor	CYPR
g563.Hcor	CYP4
g605.Hcor	CYP4
g69.Hcor	CYP4
g767.Hcor	CYP4
g899.Hcor	CYP2
g1369.Hcor	Uncharacterized
g1486.Hcor	Uncharacterized
g592.Hcor	CYP4
g1030.Hvit	CYP4
g1340.Hvit	Uncharacterized
g1356.Hvit	Uncharacterized
g1369.Hvit	Uncharacterized
g1385.Hvit	Uncharacterized
g1390.Hvit	CYP2
g1430.Hvit	CYP2
g1572.Hvit	CYP3
g1577.Hvit	CYPR
g1615.Hvit	CYP3
g1630.Hvit	CYP3
g113.Hvit	CYP4
g1654.Hvit	CYP3
g1656.Hvit	CYP2
g1663.Hvit	cytochrome_P450_CYP44
g1673.Hvit	CYP3
g1685.Hvit	CYP3
g1695.Hvit	CYP3
g1706.Hvit	CYP3
g1707.Hvit	CYP3
g1712.Hvit	CYP3
g1747.Hvit	CYP4
g7.Hvit	CYP3
g1762.Hvit	CYP3
g1777.Hvit	CYP3
g1782.Hvit	CYP3
g1789.Hvit	CYP2
g1797.Hvit	CYP3
g19.Hvit	CYP3
g2852.Hvit	CYP3
g1833.Hvit	CYP2
g1952.Hvit	CYP3
g2198.Hvit	CYP3
g1151.Hvit	CYP3
g2238.Hvit	CYP2
g2246.Hvit	CYP2
g2252.Hvit	CYP3
g2260.Hvit	CYP3
g2268.Hvit	CYP3
g2523.Hvit	Uncharacterized
g252.Hvit	CYP4
g25.Hvit	CYP2
g2708.Hvit	CYP3
g2714.Hvit	CYP4
g1153.Hvit	CYP3
g2717.Hvit	CYP4
g2721.Hvit	CYP4
g2735.Hvit	CYP4
g2749.Hvit	CYP4
g2751.Hvit	CYP4
g2769.Hvit	CYP3
g2772.Hvit	CYP3
g2774.Hvit	CYP4
g2789.Hvit	CYP3
g2821.Hvit	CYP2
g1163.Hvit	Uncharacterized
g2835.Hvit	Uncharacterized
g2848.Hvit	CYP3
g286.Hvit	CYPM
g2870.Hvit	CYP3
g297.Hvit	CYPM
g3037.Hvit	CYP3
g3050.Hvit	CYP2
g3075.Hvit	CYP4
g3086.Hvit	CYP4
g3099.Hvit	CYP4
g1171.Hvit	CYPM
g3101.Hvit	CYP3
g3109.Hvit	CYP3
g3116.Hvit	CYP2
g3137.Hvit	CYP3
g342.Hvit	CYP4
g32.Hvit	CYP3
g359.Hvit	CYP4
g391.Hvit	CYPM
g400.Hvit	CYPM
g41.Hvit	CYP3
g1274.Hvit	CYP4
g437.Hvit	CYP3
g429.Hvit	CYP3
g463.Hvit	CYP3
g504.Hvit	CYP3
g523.Hvit	CYP3
g761.Hvit	CYP3
g812.Hvit	CYP3
g86.Hvit	CYP3
g1310.Hvit	Uncharacterized
g1435.Iele	Uncharacterized
g1674.Iele	CYPM
g1744.Iele	CYP4
g1763.Iele	CYP4
g1946.Iele	CYPM
g1996.Iele	CYP4
g2027.Iele	CYP20
g2037.Iele	CYP2
g2039.Iele	CYP4
g2056.Iele	CYP4
g2081.Iele	CYP4
g97.Iele	Uncharacterized
g2089.Iele	CYPR
g2149.Iele	CYP2
g2332.Iele	CYP2
g2333.Iele	CYP2
g2366.Iele	CYP4
g2393.Iele	CYP4
g2406.Iele	CYP2
g3048.Iele	CYP3
g246.Iele	CYP3
g268.Iele	CYP3
g2.Iele	CYP2
g280.Iele	CYPM
g298.Iele	CYP2
g299.Iele	CYPM
g307.Iele	CYP4
g321.Iele	CYP3
g3535.Iele	CYP3
g3738.Iele	CYP3
g451.Iele	Uncharacterized
g799.Iele	Uncharacterized
g80.Iele	CYP3
g136.Iele	CYP3
g935.Iele	Uncharacterized
g1593.Iele	Uncharacterized
g1599.Iele	CYP2
g1635.Iele	CYP2
g1660.Iele	CYP2
g1664.Iele	CYP2
g1026.Igra	CYP4
g1500.Igra	CYPM
g1563.Igra	CYP3
g1661.Igra	CYP4
g223.Igra	CYP3
g1690.Igra	CYP3
g1727.Igra	CYPM
g1802.Igra	CYP2
g1849.Igra	CYP2
g1920.Igra	CYP3
g2016.Igra	CYP4
g99.Igra	CYP4
g1.Igra	CYP4
g2267.Igra	CYP3
g2379.Igra	CYP3
g26.Igra	CYPM
g2404.Igra	CYPM
g2422.Igra	CYPM
g2440.Igra	CYPM
g2494.Igra	CYPM
g2543.Igra	CYP4
g2557.Igra	CYPM
g4581.Igra	CYP4
g2568.Igra	CYPM
g2593.Igra	CYP3
g2678.Igra	CYP3
g2713.Igra	CYP4
g2923.Igra	CYP4
g343.Igra	CYP4
g3784.Igra	Uncharacterized
g372.Igra	CYP4
g383.Igra	CYP4
g3869.Igra	CYP3
g106.Igra	CYP4
g3895.Igra	CYP3
g3906.Igra	CYP3
g3913.Igra	CYP3
g3947.Igra	Uncharacterized
g4372.Igra	CYP3
g4002.Igra	CYP3
g410.Igra	CYPM
g4199.Igra	CYP3
g59.Igra	CYP3
g4261.Igra	CYP3
g115.Igra	CYP3
g4403.Igra	CYP3
g4529.Igra	CYP3
g4543.Igra	CYP3
g4591.Igra	CYP4
g4674.Igra	CYP3
g4679.Igra	CYPM
g4707.Igra	CYP4
g4779.Igra	CYP2
g4801.Igra	CYP2
g4833.Igra	CYP2
g13.Igra	proteasome-associated_protein_ECM29_homolog
g482.Igra	CYP3
g4870.Igra	CYP3
g4909.Igra	CYP4
g4928.Igra	Uncharacterized
g5000.Igra	CYP4
g5036.Igra	CYP4
g5068.Igra	CYP4
g5110.Igra	CYP4
g5156.Igra	CYP2
g5160.Igra	CYP4
g1364.Igra	CYP2
g5171.Igra	CYP4
g5186.Igra	CYP2
g522.Igra	anaphase-promoting_complex_subunit_1
g5341.Igra	CYP4
g539.Igra	CYPM
g543.Igra	Uncharacterized
g636.Igra	cytochrome_P450_monooxygenase
g725.Igra	CYP3
g726.Igra	CYP2
g780.Igra	CYP2
g1444.Igra	CYP2
g788.Igra	CYP4
g790.Igra	CYP4
g799.Igra	CYPM
g823.Igra	CYPR
g863.Igra	CYP4
g874.Igra	CYP2
g898.Igra	CYP3
g97.Igra	CYP4
g1469.Igra	Uncharacterized
g1000.Lkoh	Uncharacterized
g153.Lkoh	CYP2
g1844.Lkoh	CYP3
g25.Lkoh	CYP4
g2404.Lkoh	CYPM
g328.Lkoh	CYP2
g619.Lkoh	CYP3
g620.Lkoh	CYP3
g758.Lkoh	CYPM
g761.Lkoh	CYPM
g39.Lkoh	Uncharacterized
g299.Lkoh	CYP2
g1124.Lkoh	CYP4
g1140.Lkoh	CYP3
g1152.Lkoh	CYP2
g1206.Lkoh	CYP3
g1380.Lkoh	Uncharacterized
g143.Lkoh	CYPM
g961.Lmig	Uncharacterized
g2176.Lmig	CYPM
g5550.Lmig	CYP2
g5562.Lmig	CYP2
g5567.Lmig	CYP2
g5568.Lmig	CYP3
g5569.Lmig	CYP3
g5570.Lmig	CYP3
g5577.Lmig	CYP3
g5602.Lmig	CYP4
g5616.Lmig	CYP4
g5619.Lmig	CYP4
g2193.Lmig	CYP3
g5623.Lmig	CYP4
g5629.Lmig	CYP4
g634.Lmig	Uncharacterized
g5630.Lmig	CYP4
g5953.Lmig	CYP3
g6045.Lmig	CYP3
g59.Lmig	CYP3
g6104.Lmig	CYP3
g6194.Lmig	CYP3
g6271.Lmig	CYP3
g2244.Lmig	CYP3
g6307.Lmig	CYP3
g6333.Lmig	CYP3
g6345.Lmig	CYP3
g741.Lmig	CYP4
g75.Lmig	CYPM
g6.Lmig	CYP3
g7.Lmig	CYP4
g224.Lmig	CYP4
g2275.Lmig	CYP3
g231.Lmig	CYP3
g2331.Lmig	CYP3
g2337.Lmig	CYP3
g234.Lmig	CYP2
g2605.Lmig	CYP3
g1585.Lmig	Uncharacterized
g2609.Lmig	CYP3
g2631.Lmig	CYP3
g2634.Lmig	CYP3
g2647.Lmig	CYP3
g2668.Lmig	CYP3
g2693.Lmig	CYP3
g2704.Lmig	CYP3
g5547.Lmig	CYP2
g2766.Lmig	CYPM
g278.Lmig	CYP2
g16.Lmig	CYP3
g2790.Lmig	CYP3
g2818.Lmig	CYP4
g28.Lmig	CYP4
g2917.Lmig	CYP4
g2926.Lmig	CYP4
g2929.Lmig	CYP4
g2932.Lmig	CYP4
g2935.Lmig	CYP3
g2936.Lmig	CYP4
g2939.Lmig	CYPR
g1903.Lmig	Uncharacterized
g2965.Lmig	CYP4
g2969.Lmig	CYP4
g2971.Lmig	CYP4
g2973.Lmig	CYP4
g2982.Lmig	CYP3
g2992.Lmig	CYP2
g3027.Lmig	CYP2
g3040.Lmig	Uncharacterized
g3076.Lmig	CYP3
g3103.Lmig	Uncharacterized
g21.Lmig	CYP3
g31.Lmig	CYPM
g319.Lmig	CYP3
g3182.Lmig	CYP3
g3343.Lmig	Uncharacterized
g345.Lmig	CYP4
g3531.Lmig	Uncharacterized
g3607.Lmig	CYP3
g3617.Lmig	CYP2
g3628.Lmig	CYP4
g3631.Lmig	CYP3
g186.Lmig	CYP3
g3658.Lmig	Uncharacterized
g3766.Lmig	Uncharacterized
g444.Lmig	prosaposin
g3817.Lmig	CYP3
g3842.Lmig	CYP3
g3864.Lmig	Uncharacterized
g3881.Lmig	CYP3
g3923.Lmig	CYP3
g3926.Lmig	CYP4
g3934.Lmig	CYP3
g1946.Lmig	CYP4
g4011.Lmig	Uncharacterized
g4174.Lmig	CYP3
g4212.Lmig	CYP3
g4246.Lmig	CYP3
g4260.Lmig	CYP2
g4279.Lmig	CYP2
g4435.Lmig	Uncharacterized
g4584.Lmig	CYP3
g4593.Lmig	CYP3
g4643.Lmig	CYP3
g2159.Lmig	CYPM
g4651.Lmig	CYP3
g4670.Lmig	CYP3
g4770.Lmig	Uncharacterized
g4902.Lmig	Uncharacterized
g5015.Lmig	Uncharacterized
g5075.Lmig	Uncharacterized
g5122.Lmig	CYP3
g518.Lmig	CYP4
g5151.Lmig	CYP3
g5183.Lmig	CYP3
g220.Lmig	CYP3
g5291.Lmig	CYPM
g55.Lmig	CYP3
g5327.Lmig	CYPM
g5361.Lmig	CYPM
g5413.Lmig	CYP2
g5435.Lmig	CYP4
g5491.Lmig	CYP4
g5511.Lmig	CYP2
g5543.Lmig	CYP2
g5549.Lmig	CYP2
g9999.Lnig	Uncharacterized
g10415.Lnig	CYP2
g6593.Lnig	Uncharacterized
g6637.Lnig	CYP3
g6712.Lnig	Uncharacterized
g6774.Lnig	Uncharacterized
g7084.Lnig	CYP3
g7669.Lnig	CYP3
g8427.Lnig	CYP3
g8496.Lnig	CYP4
g8499.Lnig	CYP2
g8508.Lnig	CYP3
g10454.Lnig	CYPM
g8513.Lnig	CYP3
g8625.Lnig	CYP4
g8663.Lnig	CYP3
g8780.Lnig	CYP4
g87.Lnig	CYP4
g8883.Lnig	XP_021930386.1_probable_cytochrome_P450_CYP44_isoform_X6_[Zootermopsis_nevadensis]
g9009.Lnig	CYP4
g9066.Lnig	CYP4
g9076.Lnig	CYP4
g9080.Lnig	CYP4
g10551.Lnig	Uncharacterized
g9095.Lnig	CYP3
g9113.Lnig	CYP3
g9134.Lnig	CYP3
g9145.Lnig	CYP3
g9168.Lnig	CYP4
g9170.Lnig	CYP2
g9175.Lnig	CYP4
g9182.Lnig	CYP4
g9198.Lnig	CYP3
g9241.Lnig	CYP3
g107.Lnig	CYP4
g9260.Lnig	CYP4
g9270.Lnig	CYP3
g9309.Lnig	CYP3
g9384.Lnig	CYP4
g9598.Lnig	CYP4
g9741.Lnig	Uncharacterized
g9854.Lnig	CYP4
g9900.Lnig	CYP4
g9914.Lnig	CYP4
g3727.Lnig	CYP3
g12.Lnig	CYP4
g5069.Lnig	Uncharacterized
g1685.Lnig	CYP3
g4697.Lnig	CYP4
g1708.Lnig	CYPR
g10020.Lnig	CYP2
g1755.Lnig	CYP3
g220.Lnig	CYP2
g1895.Lnig	CYP4
g1898.Lnig	CYP4
g18.Lnig	anaphase-promoting_complex_subunit_1
g1909.Lnig	CYP3
g1915.Lnig	CYP4
g1919.Lnig	CYPM
g1931.Lnig	CYP3
g1940.Lnig	Uncharacterized
g1431.Lnig	Uncharacterized
g1979.Lnig	CYPM
g1995.Lnig	CYP4
g2028.Lnig	Uncharacterized
g2040.Lnig	CYP2
g2060.Lnig	CYP3
g2070.Lnig	CYP4
g2511.Lnig	CYP4
g2122.Lnig	CYP3
g2126.Lnig	CYP4
g2128.Lnig	CYP4
g10043.Lnig	esterase_E4
g2131.Lnig	CYP4
g2165.Lnig	CYP4
g2173.Lnig	CYP4
g2212.Lnig	CYP4
g227.Lnig	CYP2
g2309.Lnig	CYP4
g2669.Lnig	CYP4
g2690.Lnig	CYP2
g2734.Lnig	CYP2
g6492.Lnig	CYP4
g10068.Lnig	CYP4
g8889.Lnig	CYP4
g3050.Lnig	Uncharacterized
g2955.Lnig	Uncharacterized
g3097.Lnig	Uncharacterized
g3215.Lnig	Uncharacterized
g383.Lnig	CYP4
g334.Lnig	CYP4
g3298.Lnig	Uncharacterized
g3336.Lnig	CYP4
g3371.Lnig	CYPM
g10073.Lnig	Uncharacterized
g3454.Lnig	CYP4
g3520.Lnig	CYP4
g3632.Lnig	CYP4
g3636.Lnig	CYP4
g3722.Lnig	CYP3
g3840.Lnig	CYP3
g3862.Lnig	CYP3
g3869.Lnig	CYP3
g3906.Lnig	CYP4
g418.Lnig	CYP4
g105.Lnig	CYP4
g432.Lnig	CYP4
g441.Lnig	CYP3
g4448.Lnig	CYP4
g4484.Lnig	CYP4
g4502.Lnig	CYP4
g44.Lnig	CYPM
g455.Lnig	CYP4
g4699.Lnig	CYP4
g4700.Lnig	CYP4
g4749.Lnig	Uncharacterized
g10365.Lnig	CYP3
g4876.Lnig	Uncharacterized
g4887.Lnig	Uncharacterized
g4893.Lnig	CYPM
g4931.Lnig	Uncharacterized
g4953.Lnig	CYP3
g9924.Lnig	CYP2
g5111.Lnig	CYP3
g5404.Lnig	CYP4
g53.Lnig	CYP4
g5888.Lnig	CYP4
g10408.Lnig	CYP2
g6133.Lnig	CYP4
g6269.Lnig	Uncharacterized
g6424.Lnig	CYP4
g6427.Lnig	CYP4
g6431.Lnig	CYP4
g6437.Lnig	CYP4
g6449.Lnig	CYPM
g6458.Lnig	Uncharacterized
g6513.Lnig	CYP4
g6538.Lnig	4-coumarate--CoA_ligase_1
g660.Mrel	Uncharacterized
g146.Mrel	CYP3
g1272.Mrel	CYP4
g1810.Mrel	Uncharacterized
g157.Mrel	CYP3
g523.Mrel	Uncharacterized
g2227.Mrel	CYP4
g2172.Mrel	CYP4
g2238.Mrel	CYP2
g2274.Mrel	CYP2
g2285.Mrel	CYP2
g104.Mrel	CYP3
g2296.Mrel	CYPR
g2357.Mrel	CYP4
g2375.Mrel	CYP4
g2377.Mrel	CYP4
g2379.Mrel	CYP4
g2380.Mrel	CYP4
g2388.Mrel	CYP3
g2412.Mrel	CYPM
g2441.Mrel	CYP4
g2452.Mrel	CYP2
g1048.Mrel	CYP2
g2468.Mrel	CYP2
g2500.Mrel	CYP2
g2557.Mrel	CYP4
g2684.Mrel	CYP4
g2701.Mrel	CYP4
g2706.Mrel	CYP4
g2713.Mrel	CYP4
g2740.Mrel	CYP4
g2792.Mrel	CYP4
g2797.Mrel	CYP4
g1069.Mrel	CYP3
g2809.Mrel	CYP4
g2830.Mrel	CYP4
g2866.Mrel	CYP4
g2968.Mrel	CYPM
g2994.Mrel	CYPM
g3112.Mrel	CYP4
g3179.Mrel	CYP4
g3250.Mrel	Uncharacterized
g3450.Mrel	Uncharacterized
g3494.Mrel	Uncharacterized
g1141.Mrel	CYP3
g3512.Mrel	CYP2
g3653.Mrel	Uncharacterized
g3713.Mrel	Uncharacterized
g3748.Mrel	CYP3
g3851.Mrel	CYP4
g3916.Mrel	CYP4
g3929.Mrel	CYP4
g4167.Mrel	CYPM
g4194.Mrel	CYP2
g4227.Mrel	CYP2
g15.Mrel	Uncharacterized
g4263.Mrel	CYP4
g4281.Mrel	CYP3
g4319.Mrel	Uncharacterized
g4415.Mrel	CYP4
g4454.Mrel	CYP4
g4460.Mrel	CYP4
g4480.Mrel	CYP4
g4495.Mrel	CYP3
g737.Mrel	Uncharacterized
g81.Mrel	CYPM
g1160.Mrel	CYP3
g946.Mrel	CYP3
g1169.Mrel	CYP3
g1200.Mrel	Uncharacterized
g1082.Mtha	Uncharacterized
g1600.Mtha	CYP2
g1612.Mtha	CYP2
g1616.Mtha	CYP2
g1620.Mtha	CYP2
g1629.Mtha	CYP2
g1643.Mtha	CYP3
g1654.Mtha	Uncharacterized
g1660.Mtha	CYP3
g1672.Mtha	CYP4
g176.Mtha	CYP4
g18.Mtha	CYP4
g1706.Mtha	Uncharacterized
g1711.Mtha	CYP3
g1761.Mtha	CYP3
g1790.Mtha	CYP3
g1833.Mtha	Uncharacterized
g2031.Mtha	Uncharacterized
g191.Mtha	CYPR
g194.Mtha	CYPM
g30.Mtha	CYP4
g2232.Mtha	Uncharacterized
g114.Mtha	CYP3
g230.Mtha	CYPM
g2265.Mtha	CYP3
g2313.Mtha	CYP3
g2318.Mtha	CYP3
g2324.Mtha	CYP3
g2325.Mtha	CYP3
g2330.Mtha	CYPM
g2337.Mtha	CYPM
g2353.Mtha	CYPM
g2368.Mtha	CYPM
g1196.Mtha	CYP3
g2451.Mtha	Uncharacterized
g2478.Mtha	Uncharacterized
g2501.Mtha	CYPM
g2517.Mtha	Uncharacterized
g2568.Mtha	CYPM
g2836.Mtha	Uncharacterized
g2937.Mtha	CYP4
g300.Mtha	CYP4
g3064.Mtha	CYP3
g336.Mtha	CYP4
g126.Mtha	CYP3
g3096.Mtha	CYP2
g3104.Mtha	CYP2
g3167.Mtha	CYP2
g3198.Mtha	cytochrome_P450_CYP44
g3204.Mtha	CYP3
g3285.Mtha	CYP4
g3425.Mtha	CYP3
g3436.Mtha	CYP4
g3440.Mtha	CYP4
g3444.Mtha	CYP4
g1230.Mtha	CYP3
g3445.Mtha	CYP4
g3452.Mtha	CYP4
g3455.Mtha	CYP4
g3465.Mtha	CYP4
g3473.Mtha	CYP4
g3506.Mtha	CYP4
g3803.Mtha	CYP4
g3932.Mtha	CYP4
g3943.Mtha	CYP4
g39.Mtha	CYPM
g1351.Mtha	Uncharacterized
g4012.Mtha	CYP4
g400.Mtha	CYP4
g402.Mtha	CYP4
g4047.Mtha	CYP4
g4056.Mtha	Uncharacterized
g4103.Mtha	Uncharacterized
g4117.Mtha	CYP3
g4156.Mtha	CYP3
g4178.Mtha	Uncharacterized
g4269.Mtha	Uncharacterized
g1459.Mtha	CYP3
g4363.Mtha	CYP3
g4373.Mtha	CYP3
g4447.Mtha	CYP3
g4475.Mtha	CYP2
g4523.Mtha	CYP2
g4593.Mtha	CYP4
g4686.Mtha	CYP4
g4724.Mtha	CYPR
g4735.Mtha	CYPR
g4739.Mtha	CYP2
g1583.Mtha	CYPM
g51.Mtha	CYP4
g524.Mtha	CYP2
g540.Mtha	prosaposin
g57.Mtha	CYP4
g5.Mtha	CYP4
g776.Mtha	CYPM
g814.Mtha	Uncharacterized
g881.Mtha	Uncharacterized
g972.Mtha	Uncharacterized
g894.Mvio	Uncharacterized
g1591.Mvio	CYP4
g1630.Mvio	CYPM
g1677.Mvio	CYP4
g1861.Mvio	Uncharacterized
g1896.Mvio	Uncharacterized
g1993.Mvio	Uncharacterized
g2083.Mvio	CYP3
g2124.Mvio	CYP2
g2139.Mvio	CYP2
g2157.Mvio	CYP3
g91.Mvio	CYP4
g2170.Mvio	Uncharacterized
g2177.Mvio	Uncharacterized
g2215.Mvio	CYPM
g2250.Mvio	CYPM
g2288.Mvio	CYP3
g2354.Mvio	Uncharacterized
g2379.Mvio	CYP3
g2410.Mvio	Uncharacterized
g2498.Mvio	CYP3
g2525.Mvio	CYP2
g199.Mvio	CYP4
g2585.Mvio	CYP2
g2632.Mvio	CYP4
g2639.Mvio	CYP4
g2648.Mvio	CYP4
g334.Mvio	CYP4
g2664.Mvio	CYP4
g2668.Mvio	CYP4
g2676.Mvio	CYP4
g2712.Mvio	CYP4
g2878.Mvio	CYP4
g1461.Mvio	Uncharacterized
g2969.Mvio	CYP4
g2983.Mvio	CYP4
g3022.Mvio	CYP4
g3029.Mvio	CYP4
g3157.Mvio	CYPM
g3206.Mvio	CYP4
g3299.Mvio	Uncharacterized
g3347.Mvio	Uncharacterized
g3781.Mvio	Uncharacterized
g3806.Mvio	CYP4
g1473.Mvio	Uncharacterized
g3830.Mvio	CYP3
g3843.Mvio	CYP4
g3861.Mvio	CYP3
g3864.Mvio	CYP3
g3878.Mvio	CYP3
g444.Mvio	CYP4
g453.Mvio	CYP2
g469.Mvio	CYP2
g490.Mvio	CYPM
g557.Mvio	CYP2
g1521.Mvio	Uncharacterized
g577.Mvio	CYPR
g664.Mvio	CYP4
g787.Mvio	Uncharacterized
g1537.Mvio	CYP3
g1563.Mvio	CYP4
g1572.Mvio	CYP4
g774.Ndub	Uncharacterized
g1253.Ndub	CYP2
g1315.Ndub	small_subunit_processome_component_20_homolog
g1354.Ndub	CYP2
g1383.Ndub	CYP3
g1414.Ndub	Uncharacterized
g1457.Ndub	CYP3
g1496.Ndub	CYP4
g1507.Ndub	CYP4
g1557.Ndub	CYP4
g1647.Ndub	CYP2
g152.Ndub	CYP4
g1650.Ndub	CYP4
g1658.Ndub	Uncharacterized
g1675.Ndub	CYP4
g1684.Ndub	CYP4
g1703.Ndub	CYPM
g1788.Ndub	CYP4
g1905.Ndub	Uncharacterized
g2023.Ndub	CYP2
g2072.Ndub	fatty_acid_synthase
g255.Ndub	CYP4
g2408.Ndub	Uncharacterized
g318.Ndub	Uncharacterized
g2994.Ndub	CYPM
g3004.Ndub	CYP4
g3014.Ndub	CYP4
g3046.Ndub	Uncharacterized
g3078.Ndub	Uncharacterized
g3086.Ndub	CYP2
g3179.Ndub	CYPM
g3404.Ndub	Uncharacterized
g38.Ndub	CYP4
g1069.Ndub	CYPR
g3495.Ndub	CYP2
g3552.Ndub	CYP4
g3584.Ndub	CYP4
g3615.Ndub	CYP4
g3629.Ndub	CYP4
g3647.Ndub	Uncharacterized
g3658.Ndub	CYP4
g3662.Ndub	CYP4
g3666.Ndub	CYP4
g3688.Ndub	CYP3
g7.Ndub	CYP4
g3712.Ndub	CYP4
g3715.Ndub	CYP3
g402.Ndub	Uncharacterized
g3807.Ndub	CYP4
g3818.Ndub	CYP4
g3826.Ndub	Uncharacterized
g3914.Ndub	Uncharacterized
g4018.Ndub	CYP3
g4043.Ndub	CYP3
g4115.Ndub	Uncharacterized
g1114.Ndub	CYP2
g4149.Ndub	CYP3
g4190.Ndub	prosaposin
g4301.Ndub	CYP3
g687.Ndub	CYP3
g688.Ndub	CYP3
g4333.Ndub	CYP4
g4341.Ndub	CYP3
g4961.Ndub	CYP3
g454.Ndub	CYP3
g471.Ndub	CYP4
g1142.Ndub	CYP2
g5314.Ndub	CYP3
g5335.Ndub	CYPM
g5348.Ndub	anaphase-promoting_complex_subunit_1
g5712.Ndub	CYP4
g5730.Ndub	CYP4
g5734.Ndub	CYP4
g5769.Ndub	CYP4
g588.Ndub	CYP4
g5845.Ndub	CYP4
g5868.Ndub	CYPM
g1171.Ndub	CYP3
g5926.Ndub	CYP4
g6061.Ndub	CYP3
g654.Ndub	CYP4
g6091.Ndub	CYP4
g6128.Ndub	sodium-coupled_monocarboxylate_transporter_1
g6226.Ndub	Uncharacterized
g6307.Ndub	CYP3
g6337.Ndub	CYPM
g6373.Ndub	CYP2
g6402.Ndub	CYP4
g1173.Ndub	CYP4
g6630.Ndub	CYP4
g699.Ndub	CYP3
g770.Ndub	CYP3
g83.Ndub	CYP3
g87.Ndub	CYP4
g1085.Npic	Uncharacterized
g1720.Npic	Uncharacterized
g1804.Npic	CYP4
g1832.Npic	CYP4
g1841.Npic	CYP4
g1848.Npic	CYP4
g6601.Npic	CYP4
g1922.Npic	prosaposin
g2076.Npic	Uncharacterized
g2091.Npic	CYPM
g2179.Npic	CYP4
g4793.Npic	CYP3
g2217.Npic	CYP4
g2220.Npic	CYP4
g2236.Npic	CYP4
g2365.Npic	CYP4
g2726.Npic	anaphase-promoting_complex_subunit_1
g3133.Npic	CYP3
g3579.Npic	CYP3
g3587.Npic	CYP4
g3588.Npic	CYP4
g3590.Npic	CYP4
g10.Npic	CYPM
g3593.Npic	CYP4
g3602.Npic	CYP4
g3621.Npic	CYP4
g3645.Npic	CYP4
g4848.Npic	CYP2
g3729.Npic	Uncharacterized
g3936.Npic	CYP4
g4154.Npic	CYP4
g4161.Npic	CYP3
g4192.Npic	CYP3
g1895.Npic	CYP4
g4241.Npic	CYP3
g4252.Npic	CYP4
g4336.Npic	CYP4
g4392.Npic	CYP2
g4427.Npic	CYP2
g4441.Npic	CYPR
g4480.Npic	CYPM
g4490.Npic	CYP3
g4543.Npic	CYP4
g4708.Npic	cytochrome_P450_monooxygenase
g5404.Npic	CYP3
g4763.Npic	CYP4
g4776.Npic	CYP3
g4813.Npic	CYP4
g4872.Npic	small_subunit_processome_component_20_homolog
g4944.Npic	CYP2
g5005.Npic	Uncharacterized
g5143.Npic	CYP3
g5198.Npic	CYP4
g6645.Npic	CYP4
g5278.Npic	CYP4
g1462.Npic	CYP3
g5371.Npic	CYP2
g5410.Npic	CYP3
g5419.Npic	CYP4
g5443.Npic	CYPM
g5514.Npic	CYP4
g6035.Npic	CYP4
g6198.Npic	CYP4
g6225.Npic	CYP4
g6299.Npic	CYP3
g6376.Npic	Uncharacterized
g1625.Npic	CYP4
g6473.Npic	CYP3
g6500.Npic	CYPM
g6524.Npic	CYP2
g6557.Npic	CYP4
g6587.Npic	CYP4
g6595.Npic	CYP4
g6618.Npic	CYP4
g6628.Npic	CYP4
g6716.Npic	CYP4
g6800.Npic	CYP3
g158.Npic	CYP4
g6854.Npic	cytochrome_P450_CYP44
g851.Npic	Uncharacterized
g957.Npic	CYP2
g545.Npic	Uncharacterized
g819.Pame	Uncharacterized
g1896.Pame	Uncharacterized
g6386.Pame	Uncharacterized
g63.Pame	CYP3
g6448.Pame	CYP4
g6469.Pame	CYP4
g6480.Pame	CYP4
g6484.Pame	CYP4
g6499.Pame	CYP4
g6515.Pame	Uncharacterized
g6526.Pame	CYP4
g7023.Pame	Uncharacterized
g1905.Pame	CYP3
g6552.Pame	CYP2
g6554.Pame	CYP2
g6564.Pame	CYP3
g67.Pame	Uncharacterized
g6643.Pame	CYP3
g6666.Pame	Uncharacterized
g6755.Pame	Uncharacterized
g6771.Pame	Uncharacterized
g6804.Pame	CYP4
g6852.Pame	CYP4
g1926.Pame	CYP3
g6909.Pame	CYP3
g6925.Pame	CYP3
g7035.Pame	Uncharacterized
g74.Pame	CYP3
g94.Pame	CYP3
g202.Pame	Uncharacterized
g1974.Pame	CYP2
g2000.Pame	CYP2
g2018.Pame	CYPM
g2079.Pame	CYP4
g217.Pame	CYP3
g2188.Pame	CYP4
g89.Pame	CYP3
g2214.Pame	CYP3
g2253.Pame	Uncharacterized
g2257.Pame	CYP3
g2260.Pame	CYP4
g2275.Pame	CYP4
g2285.Pame	CYP4
g2336.Pame	CYP4
g2349.Pame	CYP4
g267.Pame	Uncharacterized
g2414.Pame	Uncharacterized
g4.Pame	CYP2
g2548.Pame	CYP4
g2578.Pame	CYPR
g2596.Pame	CYP4
g2684.Pame	Uncharacterized
g2938.Pame	Uncharacterized
g306.Pame	Uncharacterized
g3015.Pame	Uncharacterized
g39.Pame	CYP2
g3292.Pame	Uncharacterized
g3293.Pame	CYP3
g1156.Pame	CYP4
g3472.Pame	Uncharacterized
g3480.Pame	Uncharacterized
g3535.Pame	Uncharacterized
g3543.Pame	Uncharacterized
g3570.Pame	Uncharacterized
g3618.Pame	Uncharacterized
g3655.Pame	Uncharacterized
g408.Pame	Uncharacterized
g3671.Pame	Uncharacterized
g3684.Pame	Uncharacterized
g1211.Pame	Uncharacterized
g3696.Pame	Uncharacterized
g3697.Pame	transient_receptor_potential_cation_channel_protein_painless
g4964.Pame	CYP3
g3730.Pame	CYP2
g3738.Pame	CYP4
g3748.Pame	CYP4
g3871.Pame	CYP4
g3917.Pame	CYP4
g4124.Pame	Uncharacterized
g6008.Pame	CYPM
g124.Pame	CYP3
g4290.Pame	Uncharacterized
g4373.Pame	CYP3
g4395.Pame	CYP4
g453.Pame	Uncharacterized
g4430.Pame	CYP3
g4445.Pame	CYP2
g4491.Pame	CYP2
g4516.Pame	CYP2
g4522.Pame	CYP3
g4601.Pame	CYP3
g1361.Pame	Uncharacterized
g458.Pame	CYP3
g612.Pame	Uncharacterized
g4951.Pame	CYP3
g4985.Pame	CYP3
g5020.Pame	CYP3
g58.Pame	CYP2
g5086.Pame	CYP3
g5116.Pame	CYP3
g5129.Pame	CYP3
g5258.Pame	CYP3
g1836.Pame	Uncharacterized
g5374.Pame	CYP3
g5727.Pame	CYP3
g5741.Pame	CYP3
g5763.Pame	CYP4
g5842.Pame	CYP4
g5861.Pame	CYP4
g5875.Pame	CYP4
g5882.Pame	CYP4
g5895.Pame	CYP2
g5935.Pame	CYP3
g1875.Pame	CYP4
g5970.Pame	CYP2
g6075.Pame	CYP3
g6087.Pame	CYP3
g6097.Pame	CYP2
g6636.Pame	CYP3
g6253.Pame	CYPM
g6281.Pame	CYPM
g6310.Pame	CYPM
g62.Pame	Uncharacterized
g6338.Pame	CYP4
g1181.Pgib	Uncharacterized
g2166.Pgib	CYP2
g2213.Pgib	CYP3
g2228.Pgib	CYPM
g2245.Pgib	CYP4
g2659.Pgib	CYP4
g225.Pgib	CYP2
g2285.Pgib	acetylcholinesterase
g2336.Pgib	CYP2
g2364.Pgib	CYP4
g2387.Pgib	CYP4
g14.Pgib	CYP4
g246.Pgib	CYP3
g271.Pgib	Uncharacterized
g2745.Pgib	CYP3
g2795.Pgib	CYP2
g2825.Pgib	CYP4
g282.Pgib	CYPM
g2862.Pgib	cytochrome_P450_CYP44
g2867.Pgib	CYP4
g2906.Pgib	Uncharacterized
g2967.Pgib	CYP4
g139.Pgib	CYP4
g299.Pgib	CYP4
g3016.Pgib	CYP4
g3021.Pgib	CYP2
g3071.Pgib	CYP4
g3088.Pgib	CYP2
g3128.Pgib	CYP4
g3154.Pgib	Uncharacterized
g542.Pgib	CYP3
g192.Pgib	CYP3
g1708.Pgib	CYP3
g1715.Pgib	CYP4
g1770.Pgib	CYP4
g1960.Pgib	CYPR
g2020.Pgib	CYP3
g1244.Pmon	CYP4
g214.Pmon	CYP3
g2230.Pmon	anaphase-promoting_complex_subunit_1
g4587.Pmon	CYP3
g2250.Pmon	CYP4
g270.Pmon	Uncharacterized
g2377.Pmon	cytochrome_P450_CYP44
g2407.Pmon	CYP4
g2430.Pmon	CYP3
g27.Pmon	CYP4
g2986.Pmon	CYPM
g170.Pmon	small_subunit_processome_component_20_homolog
g2997.Pmon	CYPR
g2.Pmon	CYP4
g303.Pmon	CYP3
g3039.Pmon	CYP2
g3108.Pmon	CYP3
g3154.Pmon	CYP4
g3181.Pmon	CYP4
g5086.Pmon	Uncharacterized
g3739.Pmon	CYP4
g336.Pmon	CYP4
g6.Pmon	Uncharacterized
g36.Pmon	CYP2
g405.Pmon	CYP4
g4233.Pmon	CYP4
g4248.Pmon	CYP2
g4274.Pmon	CYPM
g4299.Pmon	CYP4
g4309.Pmon	cytochrome_P450_monooxigenase_CYP4G7
g4388.Pmon	sodium-coupled_monocarboxylate_transporter_1
g437.Pmon	CYP2
g438.Pmon	CYP3
g1503.Pmon	CYP3
g4421.Pmon	CYP3
g4500.Pmon	Uncharacterized
g4509.Pmon	CYP3
g4538.Pmon	CYP2
g4679.Pmon	CYP4
g4693.Pmon	CYP4
g4731.Pmon	Uncharacterized
g4807.Pmon	CYP3
g4897.Pmon	CYP4
g4945.Pmon	CYP3
g1588.Pmon	CYPM
g4974.Pmon	CYP3
g5221.Pmon	nitric_oxide_synthase,_salivary_gland
g5002.Pmon	CYP3
g5022.Pmon	CYP4
g5098.Pmon	CYP3
g5109.Pmon	CYP4
g5208.Pmon	CYP4
g5213.Pmon	CYP3
g5223.Pmon	Uncharacterized
g531.Pmon	CYP4
g1940.Pmon	CYP3
g5364.Pmon	CYP4
g5402.Pmon	CYP4
g5451.Pmon	CYP3
g5523.Pmon	CYP2
g5668.Pmon	CYP3
g5773.Pmon	CYP3
g5844.Pmon	CYP4
g5877.Pmon	CYP4
g6171.Pmon	Uncharacterized
g5.Pmon	CYP4
g184.Pmon	CYP2
g613.Pmon	CYPM
g6517.Pmon	CYP3
g6527.Pmon	CYP3
g6553.Pmon	CYP2
g6573.Pmon	CYP3
g6632.Pmon	CYP3
g734.Pmon	CYP4
g760.Pmon	CYP4
g779.Pmon	CYP4
g781.Pmon	CYP4
g17.Pmon	CYP4
g5011.Pmon	CYP4
g422.Rspe	Uncharacterized
g2085.Rspe	CYP2
g2091.Rspe	CYP2
g2132.Rspe	CYP2
g2150.Rspe	CYP3
g216.Rspe	CYPR
g2158.Rspe	CYPM
g2206.Rspe	CYPM
g2239.Rspe	Uncharacterized
g2294.Rspe	Uncharacterized
g227.Rspe	Uncharacterized
g144.Rspe	CYP2
g2397.Rspe	Uncharacterized
g2440.Rspe	Uncharacterized
g2538.Rspe	Uncharacterized
g276.Rspe	Uncharacterized
g2593.Rspe	Uncharacterized
g2611.Rspe	CYP3
g2617.Rspe	Uncharacterized
g2629.Rspe	CYP4
g2638.Rspe	CYP3
g2692.Rspe	prosaposin
g1463.Rspe	CYP3
g306.Rspe	Uncharacterized
g2841.Rspe	CYP3
g2885.Rspe	CYP3
g2914.Rspe	CYP4
g2922.Rspe	CYP4
g3552.Rspe	fatty_acid_synthase
g3207.Rspe	CYP4
g3343.Rspe	CYP4
g3475.Rspe	Uncharacterized
g3490.Rspe	CYP4
g1533.Rspe	Uncharacterized
g3521.Rspe	CYP4
g3529.Rspe	CYPM
g358.Rspe	Uncharacterized
g3557.Rspe	CYP4
g3567.Rspe	CYP4
g3585.Rspe	CYP2
g3660.Rspe	CYP2
g3675.Rspe	CYP2
g3708.Rspe	CYP2
g3752.Rspe	CYP3
g1751.Rspe	CYPM
g4231.Rspe	Uncharacterized
g4843.Rspe	Uncharacterized
g5103.Rspe	Uncharacterized
g5522.Rspe	Uncharacterized
g5644.Rspe	CYP4
g5703.Rspe	CYP3
g7305.Rspe	Uncharacterized
g5867.Rspe	Uncharacterized
g5869.Rspe	CYP3
g5956.Rspe	CYP3
g202.Rspe	CYP2
g6866.Rspe	CYP3
g7065.Rspe	Uncharacterized
g7117.Rspe	CYP3
g7514.Rspe	CYP4
g7569.Rspe	CYP4
g7653.Rspe	CYP4
g931.Rspe	Uncharacterized
g1760.Rspe	CYP4
g1878.Rspe	CYP3
g1992.Rspe	Uncharacterized
g10297.Salt	Uncharacterized
g1131.Salt	cytochrome_P450_CYP44
g11399.Salt	CYP2
g1274.Salt	CYP2
g1297.Salt	CYPM
g1308.Salt	CYPM
g1382.Salt	Uncharacterized
g1444.Salt	Uncharacterized
g1567.Salt	sodium-coupled_monocarboxylate_transporter_2
g1831.Salt	CYP3
g3104.Salt	CYP3
g134.Salt	Uncharacterized
g318.Salt	CYP3
g3304.Salt	CYPM
g3388.Salt	CYP4
g3423.Salt	CYP3
g6914.Salt	Uncharacterized
g390.Salt	CYPM
g476.Salt	CYP4
g501.Salt	CYP2
g788.Salt	Uncharacterized
g7375.Salt	Uncharacterized
g10846.Salt	CYP2
g7519.Salt	Uncharacterized
g7605.Salt	CYP3
g7655.Salt	CYPR
g7666.Salt	CYPR
g7678.Salt	CYP2
g7721.Salt	ADP,ATP_carrier_protein_2
g7739.Salt	CYPM
g7762.Salt	CYP4
g7772.Salt	CYP2
g7811.Salt	CYP2
g10878.Salt	CYPM
g7823.Salt	Uncharacterized
g7866.Salt	CYP4
g7874.Salt	CYP4
g7984.Salt	CYPM
g8004.Salt	CYP4
g8126.Salt	CYPM
g8137.Salt	CYPM
g8160.Salt	Uncharacterized
g8557.Salt	CYP4
g899.Salt	CYP3
g10898.Salt	prosaposin
g910.Salt	CYPM
g928.Salt	CYP2
g970.Salt	CYP2
g7.Salt	CYPM
g11242.Salt	CYPM
g11259.Salt	CYP2
g11274.Salt	CYP3
g2261.Scol	anaphase-promoting_complex_subunit_1
g2410.Scol	CYP3
g2543.Scol	CYP3
g4672.Scol	Uncharacterized
g6181.Scol	CYP3
g6460.Scol	Uncharacterized
g3562.Scol	Uncharacterized
g2254.Scol	CYPM
g3942.Scol	Uncharacterized
g2376.Scol	CYP3
g2390.Scol	CYP3
g2036.Scol	Uncharacterized
g2422.Scol	CYP3
g4198.Scol	Uncharacterized
g2814.Scol	CYP3
g2973.Scol	CYP4
g3065.Scol	CYPM
g3062.Scol	CYP3
g3096.Scol	CYPM
g3119.Scol	CYP3
g3165.Scol	CYP3
g5975.Scol	Uncharacterized
g5556.Scol	Uncharacterized
g3224.Scol	CYP3
g3419.Scol	CYP2
g6787.Scol	CYP4
g3537.Scol	Uncharacterized
g3610.Scol	CYPM
g3628.Scol	CYP4
g4752.Scol	CYP3
g4793.Scol	CYP3
g6197.Scol	CYP3
g6490.Scol	Uncharacterized
g5941.Scol	Uncharacterized
g4865.Scol	CYP2
g4926.Scol	CYP3
g6189.Scol	CYP3
g6208.Scol	CYP3
g6222.Scol	CYP4
g6366.Scol	CYP3
g3410.Scol	Uncharacterized
g6167.Scol	CYP4
g3767.Scol	cytochrome_P450_monooxygenase
g1709.Scol	Uncharacterized
g1613.Scol	Uncharacterized
g997.Sgre	CYP3
g177.Sgre	CYP3
g3250.Sgre	CYP3
g3269.Sgre	CYP3
g3327.Sgre	CYP3
g3376.Sgre	CYP3
g3384.Sgre	CYP3
g60.Sgre	CYP3
g3473.Sgre	CYP3
g3521.Sgre	CYP3
g3544.Sgre	CYP3
g3568.Sgre	CYP3
g1519.Sgre	CYP3
g3586.Sgre	CYP4
g3590.Sgre	CYP3
g3596.Sgre	CYP3
g3601.Sgre	CYP3
g3625.Sgre	CYP3
g3631.Sgre	CYP3
g3636.Sgre	CYP3
g3655.Sgre	CYP3
g3696.Sgre	CYPM
g3724.Sgre	CYPM
g1547.Sgre	CYP3
g3744.Sgre	CYP4
g383.Sgre	CYP3
g3839.Sgre	Uncharacterized
g4001.Sgre	Uncharacterized
g412.Sgre	CYP3
g4288.Sgre	Uncharacterized
g4449.Sgre	CYP4
g459.Sgre	CYP3
g4577.Sgre	CYP4
g4671.Sgre	Uncharacterized
g1589.Sgre	CYP3
g489.Sgre	Uncharacterized
g4982.Sgre	Uncharacterized
g5066.Sgre	Uncharacterized
g5158.Sgre	CYP4
g5319.Sgre	CYP3
g5325.Sgre	CYP3
g5405.Sgre	CYP3
g5421.Sgre	CYP3
g544.Sgre	CYP3
g5531.Sgre	CYP3
g1632.Sgre	CYP3
g5711.Sgre	CYP3
g5855.Sgre	CYP3
g5856.Sgre	CYP3
g5858.Sgre	CYP3
g5867.Sgre	CYP3
g5868.Sgre	CYP3
g5869.Sgre	CYP3
g5870.Sgre	CYP2
g5873.Sgre	CYP2
g5875.Sgre	CYP2
g1651.Sgre	CYP3
g5877.Sgre	CYP2
g5878.Sgre	CYP2_[Schistocerca_gregaria]
g5879.Sgre	CYP2
g5881.Sgre	CYP2
g5882.Sgre	CYP2
g5883.Sgre	CYP2
g5887.Sgre	CYP2
g5889.Sgre	CYP2
g5892.Sgre	CYP2
g5898.Sgre	CYP4
g1782.Sgre	CYP2
g619.Sgre	CYP3
g5939.Sgre	CYPM
g5953.Sgre	CYPM
g5989.Sgre	CYPM
g6025.Sgre	CYPM
g6055.Sgre	CYPM
g6092.Sgre	CYPM
g6107.Sgre	CYP2
g6137.Sgre	CYP4
g6218.Sgre	CYP2
g1802.Sgre	CYP2
g6245.Sgre	CYPM
g6261.Sgre	CYP4
g6305.Sgre	CYP3
g634.Sgre	CYP3
g6312.Sgre	CYP3
g6319.Sgre	CYP3
g6331.Sgre	CYPM
g6343.Sgre	CYP3
g6348.Sgre	CYP3
g6361.Sgre	CYP3
g1812.Sgre	CYP3
g6364.Sgre	CYP3
g6366.Sgre	CYP3
g6372.Sgre	CYP3
g6381.Sgre	CYP3
g6384.Sgre	CYP3
g6388.Sgre	CYP4
g662.Sgre	CYP3
g762.Sgre	CYP3
g78.Sgre	CYP3
g882.Sgre	CYP3
g1818.Sgre	CYP2
g926.Sgre	CYP3
g939.Sgre	CYP3
g969.Sgre	CYP3
g987.Sgre	CYP3
g94.Sgre	CYP3
g1824.Sgre	CYP4
g1827.Sgre	CYP3
g1866.Sgre	CYP3
g1886.Sgre	CYP3
g1906.Sgre	CYP3
g1930.Sgre	CYP3
g1943.Sgre	CYP3
g2013.Sgre	CYP3
g2050.Sgre	CYP3
g2056.Sgre	CYP3
g1057.Sgre	CYP3
g2069.Sgre	CYP4
g2072.Sgre	CYP3
g2182.Sgre	CYP3
g2196.Sgre	CYP3
g222.Sgre	CYP2
g2265.Sgre	CYP3
g2304.Sgre	CYP4
g2307.Sgre	CYP3
g2314.Sgre	CYP4
g2315.Sgre	CYP4
g1107.Sgre	CYP3
g2320.Sgre	CYP4
g2321.Sgre	CYP4
g2323.Sgre	CYP4
g2328.Sgre	CYP4
g2329.Sgre	CYP4
g2334.Sgre	CYP4
g2359.Sgre	CYP4
g237.Sgre	CYP2
g2436.Sgre	CYP3
g2444.Sgre	CYPR
g10.Sgre	CYP3
g2487.Sgre	CYP3
g250.Sgre	CYP2
g2528.Sgre	CYP4
g2530.Sgre	CYP4
g2531.Sgre	CYP4
g2534.Sgre	CYP4
g2537.Sgre	CYP4
g2541.Sgre	CYPM
g2564.Sgre	CYP3
g262.Sgre	CYP2
g1346.Sgre	CYP3
g2652.Sgre	CYP2
g2661.Sgre	CYP3
g2662.Sgre	CYP4
g2674.Sgre	CYP2
g331.Sgre	CYP3
g2716.Sgre	CYP2
g2739.Sgre	CYP4
g2754.Sgre	CYP3
g2789.Sgre	CYP4
g2877.Sgre	CYP3
g1380.Sgre	CYP3
g2883.Sgre	CYP4
g2884.Sgre	CYP4
g2886.Sgre	CYP4
g2888.Sgre	CYP4
g2889.Sgre	CYP4
g2892.Sgre	CYP4
g2893.Sgre	CYP4
g2895.Sgre	CYP4
g2898.Sgre	CYP4
g28.Sgre	CYP3
g1417.Sgre	CYP3
g2900.Sgre	CYP4
g2904.Sgre	CYP4
g2917.Sgre	CYP4
g2921.Sgre	CYP4
g2922.Sgre	CYP4
g2930.Sgre	CYP2
g2941.Sgre	CYP2
g2950.Sgre	CYP2
g2953.Sgre	CYP2
g2957.Sgre	CYP2
g1485.Sgre	CYP3
g2972.Sgre	CYP2
g2991.Sgre	CYP3
g3001.Sgre	CYP3
g3007.Sgre	CYP3
g3012.Sgre	CYP3
g3015.Sgre	CYP3
g3028.Sgre	CYP3
g3049.Sgre	sodium-independent_sulfate_anion_transporter
g3050.Sgre	CYP3
g3077.Sgre	CYP3
g959.Sstr	CYP4
g2118.Sstr	CYP3
g2128.Sstr	CYPM
g2140.Sstr	CYPM
g2147.Sstr	CYPM
g2191.Sstr	CYPM
g840.Sstr	CYP2
g2315.Sstr	Uncharacterized
g560.Sstr	CYP2
g2444.Sstr	CYP3
g2530.Sstr	Uncharacterized
g138.Sstr	Uncharacterized
g3289.Sstr	Uncharacterized
g3367.Sstr	CYP3
g3560.Sstr	Uncharacterized
g3728.Sstr	CYP3
g407.Sstr	CYP3
g3772.Sstr	CYP4
g3778.Sstr	CYP4
g41.Sstr	CYP3
g475.Sstr	CYPM
g484.Sstr	CYP2
g1078.Sstr	CYP4
g522.Sstr	CYP2
g536.Sstr	CYP2
g54.Sstr	CYPM
g548.Sstr	CYP2
g567.Sstr	CYP3
g680.Sstr	CYP2
g766.Sstr	CYP2
g794.Sstr	CYPR
g842.Sstr	CYP2
g883.Sstr	CYP4
g1160.Sstr	CYP4
g928.Sstr	CYP2
g1162.Sstr	CYP2
g1164.Sstr	CYP3
g1275.Sstr	CYP2
g1465.Sstr	Uncharacterized
g2103.Sstr	CYP3
g996.Tcas	CYP3
g1262.Tcas	CYP2
g1322.Tcas	cytochrome_P450_monooxigenase_CYP4H10
g170.Tcas	CYP3
g1368.Tcas	Uncharacterized
g1370.Tcas	CYP3
g1372.Tcas	CYPM
g1384.Tcas	CYP4
g1414.Tcas	CYP3
g196.Tcas	cytochrome_P450_301B1
g220.Tcas	CYP2
g72.Tcas	kinesin_protein_CG14535
g241.Tcas	CYPR
g59.Tcas	cytochrome_P450_monooxygenase
g339.Tcas	cytochrome_P450_monooxigenase_CYP4Q1
g446.Tcas	cytochrome_P450_monooxigenase_CYP4Q1
g554.Tcas	CYP4
g66.Tcas	CYPM
g679.Tcas	CYP4
g705.Tcas	CYP2
g736.Tcas	Uncharacterized
g761.Tcas	CYP4
g8.Tcas	CYP3
g764.Tcas	CYP4
g769.Tcas	cadherin-86C
g789.Tcas	CYP4
g812.Tcas	CYP4
g906.Tcas	CYP3
g925.Tcas	CYP3
g1164.Tcas	CYP3
g1169.Tcas	CYP2
g1177.Tcas	DNA_repair_protein_RAD50
g1194.Tcas	CYP3
g1200.Tcas	CYP4
g1235.Tcas	CYP3
g972.Tcri	CYP2
g1536.Tcri	CYP3
g3039.Tcri	CYP3
g1633.Tcri	CYP4
g1653.Tcri	CYP2
g1844.Tcri	Uncharacterized
g1906.Tcri	CYP4
g1978.Tcri	Uncharacterized
g2024.Tcri	CYP3
g219.Tcri	CYP4
g2040.Tcri	CYP3
g2737.Tcri	anaphase-promoting_complex_subunit_1
g2064.Tcri	fructose-1,6-bisphosphatase_1
g2065.Tcri	CYP3
g2073.Tcri	CYP3
g2105.Tcri	CYP2
g2221.Tcri	Uncharacterized
g2324.Tcri	CYP4
g470.Tcri	CYP4
g2496.Tcri	CYP3
g2532.Tcri	CYP3
g2551.Tcri	CYP3
g33.Tcri	CYP3
g2555.Tcri	CYP4
g2570.Tcri	CYP2
g2602.Tcri	CYP2
g2646.Tcri	CYP2
g2667.Tcri	CYP2
g2693.Tcri	CYP2
g2746.Tcri	CYP4
g2764.Tcri	CYP3
g2790.Tcri	CYP3
g2796.Tcri	CYP3
g7.Tcri	CYP3
g2811.Tcri	CYP3
g2852.Tcri	CYP4
g2904.Tcri	CYPR
g2959.Tcri	Uncharacterized
g3044.Tcri	Uncharacterized
g3046.Tcri	CYP3
g538.Tcri	CYP3
g569.Tcri	Uncharacterized
g630.Tcri	CYP3
g637.Tcri	CYP3
g1878.Tcri	ras_GTPase-activating_protein_IQGAP2
g652.Tcri	CYP3
g796.Tcri	replication_factor_C_subunit_2
g900.Tcri	CYPM
g974.Tcri	CYP2
g1383.Tcri	CYPM
g1457.Tcri	CYP3
g1492.Tcri	CYP3
g1515.Tcri	CYP4
g3963.Tocc	Uncharacterized
g4353.Tocc	CYP4
g2339.Tocc	CYP3
g1939.Tocc	Uncharacterized
g1812.Tocc	CYP4
g2036.Tocc	CYP3
g1903.Tocc	CYP3
g2088.Tocc	CYP3
g3064.Tocc	CYP4
g4357.Tocc	CYP4
g5086.Tocc	CYP3
g5358.Tocc	Uncharacterized
g6003.Tocc	CYP3
g5778.Tocc	Uncharacterized
g1122.Tocc	CYPR
g5915.Tocc	Uncharacterized
g1454.Tocc	CYP4
g1390.Tocc	CYP3
g1952.Tocc	Uncharacterized
g3082.Tocc	CYP4
g975.Tsin	CYP4
g1611.Tsin	CYP3
g1767.Tsin	CYP3
g1824.Tsin	CYP3
g182.Tsin	CYP4
g1997.Tsin	Uncharacterized
g198.Tsin	CYP2
g245.Tsin	CYP4
g2424.Tsin	Uncharacterized
g2757.Tsin	Uncharacterized
g2822.Tsin	CYPM
g87.Tsin	CYPM
g2883.Tsin	Uncharacterized
g2976.Tsin	CYP2
g3023.Tsin	CYP2
g3054.Tsin	CYP2
g5207.Tsin	CYP4
g3097.Tsin	CYP2
g3112.Tsin	CYP2
g3127.Tsin	CYP2
g3197.Tsin	Uncharacterized
g3522.Tsin	Uncharacterized
g1092.Tsin	CYP4
g419.Tsin	CYP4
g3711.Tsin	CYP3
g3836.Tsin	prosaposin
g3912.Tsin	CYPM
g3950.Tsin	CYP4
g3956.Tsin	CYP2
g4118.Tsin	Uncharacterized
g4442.Tsin	Uncharacterized
g4462.Tsin	CYP3
g4524.Tsin	Uncharacterized
g1157.Tsin	CYP4
g4636.Tsin	CYP3
g4643.Tsin	CYP3
g4659.Tsin	CYP2
g4686.Tsin	CYP2
g4711.Tsin	CYP4
g4824.Tsin	CYP4
g4905.Tsin	CYP4
g4953.Tsin	CYP4
g5039.Tsin	CYP4
g5235.Tsin	CYP4
g11.Tsin	CYP4
g5311.Tsin	CYPM
g5315.Tsin	CYP2
g5327.Tsin	CYP4
g5333.Tsin	CYP2
g5345.Tsin	CYP3
g5373.Tsin	CYP3
g5386.Tsin	CYP4
g5412.Tsin	CYP4
g578.Tsin	CYP4
g5444.Tsin	CYP4
g133.Tsin	CYP3
g5467.Tsin	CYP4
g5472.Tsin	CYP4
g5474.Tsin	CYP4
g5536.Tsin	CYPR
g64.Tsin	CYP4
g626.Tsin	CYP4
g648.Tsin	CYP4
g699.Tsin	CYP4
g916.Tsin	CYPM
g955.Tsin	CYP4
g1435.Tsin	CYP2
g1457.Tsin	CYPM
g155.Tsin	CYP4
g996.Vvia	CYP3
g2147.Vvia	CYP4
g7508.Vvia	CYP4
g764.Vvia	CYP3
g7710.Vvia	CYP3
g7727.Vvia	CYP3
g7745.Vvia	Uncharacterized
g7760.Vvia	CYP3
g785.Vvia	CYP3
g7770.Vvia	CYPM
g7780.Vvia	CYP4
g7789.Vvia	CYP4
g2162.Vvia	CYP4
g7803.Vvia	CYP4
g7807.Vvia	CYP4
g7822.Vvia	CYP3
g7878.Vvia	CYP4
g7886.Vvia	CYP4
g7896.Vvia	CYP4
g814.Vvia	CYPM
g846.Vvia	CYPM
g947.Vvia	CYP3
g955.Vvia	CYP3
g2420.Vvia	Uncharacterized
g970.Vvia	CYP3
g974.Vvia	CYP3
g977.Vvia	CYP3
g3080.Vvia	Uncharacterized
g3683.Vvia	Uncharacterized
g4070.Vvia	Uncharacterized
g4135.Vvia	CYP4
g4149.Vvia	CYP4
g4362.Vvia	Uncharacterized
g430.Vvia	Uncharacterized
g1126.Vvia	Uncharacterized
g452.Vvia	CYP3
g7162.Vvia	CYP3
g4510.Vvia	Uncharacterized
g4647.Vvia	Uncharacterized
g466.Vvia	CYP3
g4768.Vvia	CYP3
g4794.Vvia	CYP3
g4796.Vvia	CYP3
g4797.Vvia	CYP2
g4838.Vvia	CYP4
g149.Vvia	Uncharacterized
g4870.Vvia	CYP4
g4881.Vvia	CYP4
g4889.Vvia	CYP4
g4899.Vvia	Uncharacterized
g4912.Vvia	CYP4
g4916.Vvia	CYP4
g4925.Vvia	CYP4
g4927.Vvia	CYP4
g4931.Vvia	CYP4
g4936.Vvia	CYP4
g13.Vvia	CYP3
g4941.Vvia	CYP4
g4963.Vvia	Uncharacterized
g4996.Vvia	CYP3
g5026.Vvia	CYPM
g647.Vvia	Uncharacterized
g5071.Vvia	CYP3
g5087.Vvia	Uncharacterized
g5242.Vvia	CYPM
g5285.Vvia	CYP2
g5322.Vvia	CYP3
g1488.Vvia	CYP3
g5323.Vvia	CYP3
g5327.Vvia	CYP2
g5343.Vvia	CYP2
g5366.Vvia	CYP3
g5367.Vvia	CYP4
g5423.Vvia	CYP2
g5436.Vvia	CYP3
g5439.Vvia	CYP3
g5474.Vvia	CYP3
g5485.Vvia	CYP3
g1489.Vvia	CYP3
g5574.Vvia	CYP3
g5641.Vvia	Uncharacterized
g5743.Vvia	CYP3
g5844.Vvia	CYP3
g5921.Vvia	CYP4
g6052.Vvia	CYP4
g6110.Vvia	CYPR
g6121.Vvia	CYPR
g6129.Vvia	CYP3
g6135.Vvia	CYP3
g1492.Vvia	Uncharacterized
g6138.Vvia	CYP4
g6145.Vvia	CYP4
g6169.Vvia	CYP3
g6211.Vvia	CYP3
g6223.Vvia	CYP3
g6226.Vvia	CYP3
g6227.Vvia	CYP3
g6250.Vvia	CYPM
g6288.Vvia	CYP2
g6312.Vvia	CYP3
g1563.Vvia	Uncharacterized
g6372.Vvia	Uncharacterized
g6433.Vvia	CYP4
g6467.Vvia	Uncharacterized
g64.Vvia	CYP3
g6600.Vvia	CYP3
g6602.Vvia	CYP3
g6635.Vvia	CYP3
g6698.Vvia	CYP3
g6789.Vvia	Uncharacterized
g6985.Vvia	Uncharacterized
g1639.Vvia	Uncharacterized
g7117.Vvia	CYP3
g7129.Vvia	CYP2
g7136.Vvia	CYP2
g7159.Vvia	CYP3
g7198.Vvia	CYPM
g7333.Vvia	CYP4
g7340.Vvia	CYP3
g7347.Vvia	CYP2
g7443.Vvia	Uncharacterized
g7484.Vvia	CYP3
g4.Xbra	CYPR
g302.Xbra	CYP3
g2880.Znev	CYPR
g2621.Znev	Uncharacterized
g2657.Znev	CYP2
g2677.Znev	CYP4
g2708.Znev	Uncharacterized
g2874.Znev	CYP4
g51.Znev	CYP3
g759.Znev	Uncharacterized
g3015.Znev	CYP2
g3035.Znev	CYP2
g3059.Znev	CYP4
g77.Znev	Uncharacterized
g3097.Znev	CYP2
g451.Znev	Uncharacterized
g3119.Znev	CYP4
g3972.Znev	CYP3
g679.Znev	CYPM
g729.Znev	CYP2
g841.Znev	CYP4
g905.Znev	CYP4
g1039.Znev	CYPM
g3227.Znev	CYP3
g2948.Znev	CYP2
g1286.Znev	CYP3
g1880.Znev	Uncharacterized
g206.Znev	CYP4
g655.Znev	CYPM
g1113.Ztra	Uncharacterized
g3.Ztra	CYP4
g1501.Ztra	CYP2
g1560.Ztra	CYPM
g1576.Ztra	CYP3
g1745.Ztra	CYP3
g1797.Ztra	Uncharacterized
g2287.Ztra	CYP3
g2538.Ztra	CYP3
g2553.Ztra	CYP2
g2558.Ztra	CYP4
g93.Ztra	prosaposin
g2580.Ztra	CYP4
g2607.Ztra	CYP4
g2678.Ztra	Uncharacterized
g2761.Ztra	CYP3
g2772.Ztra	CYP3
g2789.Ztra	CYP2
g2816.Ztra	CYP4
g2873.Ztra	CYP2
g2918.Ztra	Uncharacterized
g28.Ztra	CYP2
g1286.Ztra	Uncharacterized
g2951.Ztra	CYP3
g2984.Ztra	Uncharacterized
g3070.Ztra	CYP2
g3145.Ztra	CYP4
g3290.Ztra	CYPR
g364.Ztra	CYP3
g371.Ztra	CYPM
g378.Ztra	CYPM
g492.Ztra	CYP3
g506.Ztra	CYP3
g1338.Ztra	CYP3
g544.Ztra	CYP3
g571.Ztra	CYP4
g573.Ztra	CYP4
g574.Ztra	CYP4
g580.Ztra	CYP4
g642.Ztra	CYP4
g693.Ztra	CYP3
g72.Ztra	CYP2
g713.Ztra	Uncharacterized
g729.Ztra	Uncharacterized
g1340.Ztra	CYP3
g773.Ztra	CYP3
g787.Ztra	CYP3
g806.Ztra	CYP3
g809.Ztra	CYP3
g825.Ztra	CYP3
g852.Ztra	CYP3
g1346.Ztra	CYP4
g1356.Ztra	CYP3
g1419.Ztra	CYPM
g1483.Ztra	Uncharacterized
