g801.Adom	Uncharacterized
g6536.Adom	Uncharacterized
g1816.Adom	CYP4
g1820.Adom	CYP4
g1848.Adom	CYP4
g1853.Adom	CYP4
g1933.Adom	CYP4
g1954.Adom	CYP4
g195.Adom	CYP3
g1965.Adom	CYP4
g196.Adom	CYP2
g83.Adom	CYP2
g1979.Adom	CYP2
g1992.Adom	CYP3
g2007.Adom	CYP2
g5977.Adom	CYP4
g2036.Adom	CYP3
g2065.Adom	CYPR
g212.Adom	Uncharacterized
g2088.Adom	CYPM
g2151.Adom	Uncharacterized
g221.Adom	CYP2
g31.Adom	Uncharacterized
g2234.Adom	CYP3
g228.Adom	CYP2
g2324.Adom	CYP4
g260.Adom	Uncharacterized
g2487.Adom	Uncharacterized
g2727.Adom	Uncharacterized
g2775.Adom	CYP3
g2802.Adom	Uncharacterized
g2892.Adom	CYP3
g287.Adom	CYP2
g163.Adom	CYP2
g2923.Adom	CYP4
g2937.Adom	CYP4
g3234.Adom	CYP4
g3260.Adom	CYP4
g3482.Adom	Uncharacterized
g332.Adom	CYP3
g368.Adom	CYP3
g374.Adom	CYP3
g6033.Adom	CYPM
g391.Adom	CYP3
g1742.Adom	CYP3
g4211.Adom	Uncharacterized
g395.Adom	CYP3
g407.Adom	CYP3
g439.Adom	Uncharacterized
g4364.Adom	Uncharacterized
g4367.Adom	CYP3
g4379.Adom	CYP3
g4413.Adom	CYP3
g4447.Adom	Uncharacterized
g469.Adom	CYP3
g184.Adom	CYP3
g4513.Adom	CYP3
g4599.Adom	CYP3
g4637.Adom	Uncharacterized
g4728.Adom	CYP3
g5096.Adom	CYP3
g490.Adom	CYP3
g493.Adom	CYP2
g4.Adom	CYP3
g545.Adom	CYP3
g5481.Adom	Uncharacterized
g1760.Adom	CYP3
g5738.Adom	CYP4
g5842.Adom	CYP4
g5843.Adom	CYP3
g5845.Adom	CYP3
g5848.Adom	CYP4
g5886.Adom	Uncharacterized
g5910.Adom	CYP4
g5939.Adom	CYP4
g6002.Adom	CYP4
g1790.Adom	CYP3
g6028.Adom	CYP4
g6100.Adom	CYPM
g6120.Adom	CYP4
g6124.Adom	CYP4
g6142.Adom	Uncharacterized
g6181.Adom	CYP4
g6196.Adom	CYPM
g6234.Adom	CYPM
g6512.Adom	Uncharacterized
g6610.Adom	CYPM
g1810.Adom	CYP3
g6614.Adom	CYP3
g6633.Adom	CYPM
g6649.Adom	CYP3
g6710.Adom	CYP3
g75.Adom	CYP3
g33.Amar	CYP4
g41.Amar	CYP4
g50.Amar	CYP3
g102.Apis	CYP2
g403.Apis	CYP4
g407.Apis	CYP3
g60.Apis	CYP3
g475.Apis	CYP2
g492.Apis	CYP3
g503.Apis	CYP3
g669.Apis	CYP4
g706.Apis	Uncharacterized
g746.Apis	CYP4
g750.Apis	CYP2
g114.Apis	CYP3
g75.Apis	CYPM
g79.Apis	CYP2
g126.Apis	CYP3
g3.Apis	CYP3
g138.Apis	CYP3
g273.Apis	Uncharacterized
g356.Apis	CYP3
g387.Apis	CYP4
g399.Apis	CYP4
g952.Bput	Uncharacterized
g1462.Bput	CYP3
g1684.Bput	CYP3
g1867.Bput	CYP3
g1917.Bput	Uncharacterized
g1988.Bput	CYP4
g2273.Bput	CYP3
g267.Bput	Uncharacterized
g2395.Bput	CYP3
g2407.Bput	CYP4
g1020.Bput	CYP4
g2452.Bput	CYPM
g2504.Bput	CYP2
g2560.Bput	CYP4
g2575.Bput	CYP4
g2577.Bput	CYP3
g2629.Bput	CYP4
g2662.Bput	Uncharacterized
g4686.Bput	CYP2
g2672.Bput	CYP3
g2680.Bput	CYP3
g1025.Bput	CYP3
g2705.Bput	CYP4
g2824.Bput	CYP4
g288.Bput	CYP3
g2889.Bput	CYP2
g2926.Bput	CYP4
g2959.Bput	CYP4
g2978.Bput	CYP2
g297.Bput	CYP4
g5104.Bput	Uncharacterized
g347.Bput	CYPM
g1032.Bput	CYP3
g3185.Bput	Uncharacterized
g3274.Bput	CYP3
g3278.Bput	CYPM
g3356.Bput	CYP4
g4477.Bput	CYP4
g60.Bput	CYPM
g385.Bput	CYP2
g507.Bput	CYP4
g4655.Bput	CYP4
g1044.Bput	CYP3
g4668.Bput	CYP2
g4710.Bput	CYP4
g4732.Bput	CYPR
g5355.Bput	Uncharacterized
g5413.Bput	CYP3
g5445.Bput	CYP4
g5619.Bput	CYP4
g641.Bput	Uncharacterized
g778.Bput	Uncharacterized
g794.Bput	CYP2
g1212.Bput	CYP4
g795.Bput	CYP2
g806.Bput	CYP4
g828.Bput	CYP4
g133.Bput	CYP4
g21.Bput	CYPM
g1427.Bput	CYP4
g904.Bros	CYP4
g1331.Bros	CYP2
g1349.Bros	CYP4
g1358.Bros	CYP4
g1365.Bros	CYP3
g1418.Bros	CYP3
g1464.Bros	CYP3
g1553.Bros	CYP2
g1586.Bros	CYP2
g1600.Bros	CYP2
g1647.Bros	CYP3
g88.Bros	CYP3
g1656.Bros	CYP2
g259.Bros	CYPM
g1704.Bros	CYP4
g1708.Bros	CYP4
g1874.Bros	Uncharacterized
g43.Bros	CYP2
g2125.Bros	Uncharacterized
g4353.Bros	CYP3
g2155.Bros	CYP4
g2156.Bros	CYP4
g1054.Bros	CYP3
g2165.Bros	CYP4
g2182.Bros	CYP4
g2217.Bros	CYP4
g2225.Bros	CYP4
g2226.Bros	CYP4
g2227.Bros	CYP4
g2228.Bros	CYP4
g2249.Bros	CYP2
g2269.Bros	CYP2
g2308.Bros	CYPM
g1694.Bros	CYP4
g2335.Bros	CYP4
g2559.Bros	Uncharacterized
g315.Bros	CYP3
g3091.Bros	CYP2
g3114.Bros	CYP2
g3173.Bros	CYP3
g3315.Bros	CYP4
g3387.Bros	CYPM
g3391.Bros	CYP2
g3607.Bros	CYP3
g1166.Bros	CYP2
g359.Bros	CYP4
g409.Bros	CYP4
g3761.Bros	CYP3
g3789.Bros	CYP4
g3791.Bros	CYP4
g3878.Bros	CYP4
g3917.Bros	CYPM
g3923.Bros	CYP3
g3929.Bros	CYP3
g4048.Bros	CYPR
g1200.Bros	CYP3
g4086.Bros	CYP4
g4104.Bros	CYP3
g4137.Bros	CYP3
g4168.Bros	CYP3
g4275.Bros	CYP4
g4296.Bros	CYP3
g608.Bros	CYP3
g4414.Bros	CYP4
g4428.Bros	CYP4
g4442.Bros	CYP2
g1212.Bros	CYP2
g4470.Bros	CYP4
g4536.Bros	CYP4
g4593.Bros	CYP4
g4675.Bros	CYP4
g4793.Bros	CYP3
g4923.Bros	CYP3
g4985.Bros	CYP3
g5024.Bros	CYP3
g63.Bros	CYP3
g741.Bros	CYP4
g1306.Bros	CYP3
g72.Bros	CYP4
g145.Bros	CYP4
g358.Cfor	Uncharacterized
g1562.Cfor	CYP3
g1565.Cfor	CYP2
g1602.Cfor	CYP4
g3838.Cfor	Uncharacterized
g1731.Cfor	CYPR
g2094.Cfor	Uncharacterized
g2267.Cfor	CYP4
g2540.Cfor	Uncharacterized
g2556.Cfor	Uncharacterized
g2589.Cfor	Uncharacterized
g4625.Cfor	CYP2
g3325.Cfor	CYP2
g4919.Cfor	CYP2
g2934.Cfor	Uncharacterized
g3350.Cfor	CYP2
g3408.Cfor	CYP3
g3426.Cfor	CYP3
g4241.Cfor	CYP3
g4543.Cfor	CYP3
g4692.Cfor	CYP4
g4823.Cfor	CYP3
g1061.Cfor	CYP2
g4911.Cfor	CYP2
g4917.Cfor	CYP2
g4931.Cfor	CYP3
g4971.Cfor	CYP4
g5008.Cfor	CYP4
g18.Cfor	CYPM
g4138.Cfor	Uncharacterized
g4896.Cfor	CYP2
g4538.Cfor	CYP3
g1269.Cfor	CYP4
g1454.Cfor	CYP4
g1389.Choo	CYP3
g3317.Choo	CYP2
g2140.Choo	CYP4
g4059.Choo	CYP3
g3759.Choo	CYP4
g2331.Choo	CYP4
g2740.Choo	CYP3
g2780.Choo	CYP3
g3072.Choo	CYP3
g3369.Choo	CYP2
g3707.Choo	CYP4
g121.Choo	CYP3
g3849.Choo	CYP4
g4162.Choo	CYP4
g491.Choo	CYP2
g554.Choo	CYP4
g1191.Choo	CYP4
g1351.Choo	CYP2
g1474.Choo	CYP3
g1569.Choo	CYP3
g1584.Choo	CYP3
g1752.Choo	CYP3
g1980.Choo	CYP3
g4852.Csec	CYP3
g4391.Csec	CYP4
g2033.Csec	CYP3
g276.Csec	CYP4
g250.Csec	CYP2
g3280.Csec	Uncharacterized
g300.Csec	CYP4
g5979.Csec	CYP2
g383.Csec	CYP4
g3865.Csec	CYP4
g3671.Csec	CYP4
g768.Csec	CYP4
g3776.Csec	CYP3
g4135.Csec	CYP4
g4236.Csec	CYP4
g4517.Csec	CYP4
g4606.Csec	CYP3
g4761.Csec	Uncharacterized
g4811.Csec	CYPR
g5735.Csec	CYP3
g5815.Csec	CYP4
g871.Csec	CYP2
g3466.Csec	CYP3
g6064.Csec	CYP4
g764.Csec	CYP4
g807.Csec	CYP4
g811.Csec	CYP2
g918.Csec	Uncharacterized
g46.Csec	CYP3
g1386.Csec	CYP4
g3203.Csec	Uncharacterized
g2818.Csec	CYP3
g5490.Csec	CYP3
g1877.Csec	CYPM
g1000.Daus	CYP3
g121.Daus	Uncharacterized
g1247.Daus	CYP2
g1270.Daus	CYP3
g1303.Daus	CYP4
g1321.Daus	CYP2
g139.Daus	CYP3
g1374.Daus	CYP2
g201.Daus	CYP3
g1445.Daus	CYP4
g1461.Daus	CYP4
g1017.Daus	CYP4
g155.Daus	CYP3
g1809.Daus	CYP4
g1860.Daus	CYP4
g1947.Daus	CYP3
g2194.Daus	CYP4
g253.Daus	CYP4
g2312.Daus	CYP4
g2386.Daus	CYP4
g2400.Daus	CYP2
g2429.Daus	CYP4
g104.Daus	CYP3
g2472.Daus	CYP2
g2476.Daus	CYP3
g2708.Daus	Uncharacterized
g2859.Daus	CYP2
g2889.Daus	CYP2
g2904.Daus	CYPM
g2955.Daus	CYP3
g2968.Daus	CYP3
g3087.Daus	Uncharacterized
g3267.Daus	CYP3
g1063.Daus	CYPM
g3269.Daus	CYP4
g3273.Daus	CYP3
g3278.Daus	CYPM
g3333.Daus	CYP4
g346.Daus	CYP4
g3442.Daus	CYP4
g3448.Daus	CYP2
g3479.Daus	CYP3
g3519.Daus	CYP4
g3529.Daus	CYP2
g1098.Daus	CYP2
g3595.Daus	CYP3
g3666.Daus	CYP4
g3880.Daus	CYP3
g3899.Daus	CYP4
g4093.Daus	CYP4
g4104.Daus	CYP4
g446.Daus	CYP3
g677.Daus	Uncharacterized
g687.Daus	CYP3
g698.Daus	CYP3
g109.Daus	CYP4
g706.Daus	CYP3
g77.Daus	CYP3
g724.Daus	CYP2
g757.Daus	CYP3
g772.Daus	CYP2
g832.Daus	CYP3
g949.Daus	CYP3
g976.Daus	CYP2
g988.Daus	CYP2
g55.Daus	CYP3
g1166.Daus	CYP2
g542.Daus	Uncharacterized
g1026.Dmel	CYP4
g1448.Dmel	CYP3
g1452.Dmel	Uncharacterized
g1498.Dmel	CYP3
g1503.Dmel	CYP3
g1616.Dmel	CYP3
g2259.Dmel	CYP3
g2358.Dmel	CYP4
g3186.Dmel	CYP3
g2446.Dmel	CYP3
g2466.Dmel	CYP3
g72.Dmel	CYP4
g2484.Dmel	CYP4
g2753.Dmel	CYP4
g2844.Dmel	CYP4
g2926.Dmel	CYP4
g303.Dmel	CYP2
g3041.Dmel	CYP3
g3047.Dmel	CYP4
g3058.Dmel	CYP2
g3075.Dmel	CYP4
g3128.Dmel	CYP2
g205.Dmel	CYP3
g3180.Dmel	CYP2,
g3196.Dmel	CYP3
g340.Dmel	CYP3
g36.Dmel	CYPM
g3207.Dmel	CYP3
g3225.Dmel	CYP4
g3257.Dmel	CYPM
g3737.Dmel	CYP3
g3414.Dmel	CYPM
g3443.Dmel	CYP2
g1148.Dmel	CYP4
g3453.Dmel	CYP3
g345.Dmel	CYP4
g3579.Dmel	CYP4
g3719.Dmel	CYP4
g3733.Dmel	CYP4
g3746.Dmel	CYP3
g3789.Dmel	CYPR
g3840.Dmel	CYP4
g420.Dmel	CYPM
g3945.Dmel	CYP3
g23.Dmel	CYPM
g3957.Dmel	CYP2,
g3976.Dmel	CYP3
g472.Dmel	CYPM
g494.Dmel	CYP3
g531.Dmel	CYP3
g676.Dmel	CYP4
g70.Dmel	CYP4
g831.Dmel	CYP3
g851.Dmel	CYP3
g885.Dmel	CYP3
g17.Dmel	CYP4
g917.Dmel	CYP3
g1346.Dmel	CYPM
g1414.Dmel	CYP3
g1437.Dmel	CYP3
g1055.Dpun	Uncharacterized
g1682.Dpun	CYP4
g866.Dpun	CYP3
g834.Dpun	CYP2
g1699.Dpun	CYP2
g861.Dpun	CYP3
g377.Dpun	CYP2
g415.Dpun	CYP2
g639.Dpun	Uncharacterized
g580.Dpun	CYP4
g632.Dpun	CYP3
g36.Dpun	Uncharacterized
g649.Dpun	Uncharacterized
g694.Dpun	Uncharacterized
g6.Dpun	CYP2
g748.Dpun	CYP3
g759.Dpun	CYP3
g770.Dpun	CYPM
g903.Dpun	CYPR
g914.Dpun	CYP3
g854.Dpun	CYP2
g7.Dpun	CYP2
g1480.Dpun	Uncharacterized
g1527.Dpun	CYP3
g1530.Dpun	CYP3
g1549.Dpun	Uncharacterized
g1589.Dpun	CYP4
g726.Dtru	Uncharacterized
g1642.Dtru	CYP4
g1654.Dtru	CYP4
g1669.Dtru	CYP4
g1688.Dtru	CYP4
g1743.Dtru	CYP4
g1808.Dtru	CYP4
g1835.Dtru	CYP4
g1849.Dtru	CYP3
g185.Dtru	CYP4
g216.Dtru	Uncharacterized
g75.Dtru	CYP2
g1935.Dtru	CYP3
g1946.Dtru	CYP3
g1948.Dtru	CYP3
g2014.Dtru	CYP3
g2048.Dtru	CYP4
g2051.Dtru	CYP4
g2065.Dtru	CYP3
g2081.Dtru	CYPM
g2117.Dtru	CYP4
g2187.Dtru	CYPR
g114.Dtru	CYP2
g2219.Dtru	CYP2
g2239.Dtru	CYP2
g2318.Dtru	CYP4
g254.Dtru	Uncharacterized
g2403.Dtru	CYP4
g2444.Dtru	CYP4
g2461.Dtru	CYP4
g2480.Dtru	CYP4
g2501.Dtru	CYP4
g2516.Dtru	CYP4
g20.Dtru	CYP2
g2575.Dtru	CYP4
g2598.Dtru	CYP4
g2599.Dtru	CYP4
g2654.Dtru	CYPM
g2671.Dtru	CYP2
g331.Dtru	Uncharacterized
g2684.Dtru	CYP2
g2731.Dtru	CYP4
g2746.Dtru	CYP4
g2751.Dtru	Uncharacterized
g1332.Dtru	Uncharacterized
g2784.Dtru	Uncharacterized
g2873.Dtru	Uncharacterized
g3121.Dtru	Uncharacterized
g3244.Dtru	Uncharacterized
g3304.Dtru	Uncharacterized
g3379.Dtru	CYP3
g3387.Dtru	CYP3
g3399.Dtru	CYP3
g3412.Dtru	CYPM
g3415.Dtru	CYPM
g1374.Dtru	CYP4
g3473.Dtru	CYP2
g3475.Dtru	CYP2
g3505.Dtru	CYP2
g3569.Dtru	CYP4
g3871.Dtru	Uncharacterized
g4066.Dtru	Uncharacterized
g444.Dtru	Uncharacterized
g4318.Dtru	CYP4
g499.Dtru	CYPM
g515.Dtru	CYP4
g143.Dtru	CYP4
g657.Dtru	CYP2
g768.Dtru	Uncharacterized
g76.Dtru	CYP2
g886.Dtru	CYP3
g3529.Dtru	CYPM
g1628.Dtru	CYP4
g51.Eann	Uncharacterized
g147.Eann	CYP3
g150.Eann	CYP3
g156.Eann	CYP3
g29.Eann	CYP3
g68.Eann	CYP3
g846.Eocu	CYP3
g1561.Eocu	Uncharacterized
g1660.Eocu	CYP4
g167.Eocu	CYP3
g1701.Eocu	CYP4
g1711.Eocu	CYP2
g1744.Eocu	Uncharacterized
g1769.Eocu	CYP3
g1793.Eocu	CYPR
g1829.Eocu	CYP2
g1894.Eocu	Uncharacterized
g91.Eocu	CYP3
g195.Eocu	Uncharacterized
g1971.Eocu	CYP4
g1977.Eocu	CYP3
g1996.Eocu	CYP2
g2047.Eocu	Uncharacterized
g2137.Eocu	CYP3
g2164.Eocu	CYP4
g2229.Eocu	CYPM
g2611.Eocu	CYPM
g5.Eocu	CYP3
g2618.Eocu	CYP2
g2662.Eocu	CYP2
g2687.Eocu	CYP4
g2703.Eocu	CYP3
g2704.Eocu	CYP3
g2705.Eocu	CYP3
g2770.Eocu	Uncharacterized
g3153.Eocu	CYP3
g3162.Eocu	CYP3
g3169.Eocu	CYP4
g136.Eocu	CYP4
g3174.Eocu	CYP3
g48.Eocu	CYP3
g3314.Eocu	CYPM
g3340.Eocu	CYPM
g3362.Eocu	CYP3
g3378.Eocu	CYP3
g3379.Eocu	CYP3
g3382.Eocu	CYPM
g3415.Eocu	CYP2
g3560.Eocu	Uncharacterized
g19.Eocu	CYP4
g539.Eocu	CYP3
g3741.Eocu	CYP3
g3742.Eocu	CYP3
g3750.Eocu	Uncharacterized
g3792.Eocu	CYPM
g3889.Eocu	Uncharacterized
g3999.Eocu	CYP4
g684.Eocu	CYP3
g149.Eocu	CYP4
g153.Eocu	CYP2
g1547.Eocu	CYP3
g1549.Eocu	CYP3
g999.Etor	CYP4
g1407.Etor	Uncharacterized
g1414.Etor	CYPM
g1.Etor	Uncharacterized
g367.Etor	CYP2
g3.Etor	CYP4
g455.Etor	CYP2
g461.Etor	CYP2
g482.Etor	CYP2
g527.Etor	CYPM
g546.Etor	CYPM
g1070.Etor	CYP4
g864.Etor	Uncharacterized
g951.Etor	CYP4
g113.Etor	CYP4
g1262.Etor	Uncharacterized
g1315.Etor	CYPM
g1329.Etor	CYPR
g1377.Etor	Uncharacterized
g1393.Etor	CYP2
g1404.Etor	CYPM
g19.Faur	CYP4
g34.Faur	CYP4
g5.Faur	CYP4
g82.Faur	CYPM
g85.Faur	CYPM
g1121.Fint	CYP3
g1272.Fint	CYP4
g1286.Fint	CYP3
g1304.Fint	CYP4
g1309.Fint	CYP4
g273.Fint	CYP2
g1482.Fint	CYPM
g1494.Fint	CYP2
g153.Fint	Uncharacterized
g2890.Fint	CYP2
g1652.Fint	CYP3
g1664.Fint	CYP2_precursor
g1701.Fint	CYP2
g1736.Fint	Uncharacterized
g1787.Fint	Uncharacterized
g1866.Fint	CYP4
g1953.Fint	CYP4
g244.Fint	CYP3
g2169.Fint	CYP4
g2253.Fint	CYP2
g2296.Fint	CYPR
g105.Fint	CYP4
g2446.Fint	CYP4
g2706.Fint	CYP4
g2718.Fint	CYP4
g2722.Fint	CYP4
g2731.Fint	CYPM
g2744.Fint	CYP4
g2765.Fint	CYP4
g282.Fint	CYP3
g2867.Fint	CYP4
g2876.Fint	CYP4
g107.Fint	CYP4
g574.Fint	CYP3
g2943.Fint	CYP2
g2982.Fint	Uncharacterized
g3049.Fint	CYP2
g3067.Fint	CYP4
g3105.Fint	CYP3
g3111.Fint	CYP4
g3177.Fint	CYP4
g3446.Fint	CYP4
g3465.Fint	Uncharacterized
g111.Fint	CYPM
g3504.Fint	CYPM
g3576.Fint	CYP3
g449.Fint	CYP4
g538.Fint	CYP4
g575.Fint	CYP3
g940.Fint	CYP4
g662.Fint	CYP3
g669.Fint	CYP4
g687.Fint	CYPM
g701.Fint	Uncharacterized
g1202.Fint	CYP4
g774.Fint	CYP4
g785.Fint	CYP4
g887.Fint	CYP3
g948.Fint	CYP4
g1206.Fint	CYP4
g1231.Fint	CYP2
g1248.Fint	CYP4
g5990.Gbim	Uncharacterized
g1230.Gbim	CYP3
g1238.Gbim	CYP3
g1589.Gbim	Uncharacterized
g1266.Gbim	CYP3
g125.Gbim	CYP4
g1297.Gbim	CYP4
g1334.Gbim	CYP4
g132.Gbim	CYP3
g943.Gbim	CYP4
g5026.Gbim	Uncharacterized
g108.Gbim	CYP4
g655.Gbim	Uncharacterized
g480.Gbim	CYP4
g489.Gbim	CYP4
g1441.Gbim	CYP3
g1965.Gbim	CYP3
g2284.Gbim	CYP3
g2309.Gbim	Uncharacterized
g2322.Gbim	CYP3
g266.Gbim	Uncharacterized
g2962.Gbim	Uncharacterized
g2739.Gbim	CYP3
g307.Gbim	CYP2
g3049.Gbim	CYP3
g3062.Gbim	Uncharacterized
g3069.Gbim	CYP2
g3111.Gbim	CYP2
g3117.Gbim	CYPM
g3528.Gbim	Uncharacterized
g335.Gbim	CYPM
g3.Gbim	CYP3
g4516.Gbim	CYP3
g35.Gbim	CYP4
g4531.Gbim	CYP3
g4533.Gbim	CYP3
g4547.Gbim	CYP4
g6645.Gbim	Uncharacterized
g4643.Gbim	CYP3
g4650.Gbim	CYP3
g4696.Gbim	CYP4
g4715.Gbim	CYP3
g4800.Gbim	CYPM
g5042.Gbim	CYPM
g1116.Gbim	CYP3
g5130.Gbim	CYPM
g5144.Gbim	CYP2
g5173.Gbim	CYP4
g5196.Gbim	cytochrome_P450_CYP4BN1
g6653.Gbim	Uncharacterized
g5243.Gbim	CYP3
g5347.Gbim	CYP4
g555.Gbim	CYP4
g5548.Gbim	CYP4
g609.Gbim	Uncharacterized
g1122.Gbim	CYP3
g6191.Gbim	CYP4
g6300.Gbim	Uncharacterized
g6527.Gbim	CYP3
g6565.Gbim	CYPR
g6596.Gbim	CYP2
g6604.Gbim	CYP3
g6606.Gbim	CYP3
g84.Gbim	CYP4
g786.Gbim	CYP3
g1141.Gbim	CYP2
g565.Gbim	Uncharacterized
g1221.Gbim	CYP2
g1658.Harm	Uncharacterized
g254.Harm	CYP4
g2598.Harm	Uncharacterized
g2617.Harm	CYP2
g2720.Harm	Uncharacterized
g297.Harm	cytochrome_P450_monooxigenase_CYP4Q2
g2845.Harm	Uncharacterized
g2847.Harm	CYP3
g2870.Harm	CYPM
g2879.Harm	CYP3
g69.Harm	CYPM
g9.Harm	CYPM
g3060.Harm	CYP2,
g3064.Harm	CYP2,
g3098.Harm	CYP2
g3103.Harm	CYPR
g3136.Harm	CYP3
g3166.Harm	Uncharacterized
g3388.Harm	Uncharacterized
g365.Harm	CYP4
g216.Harm	CYP4
g3679.Harm	Uncharacterized
g3695.Harm	Uncharacterized
g394.Harm	CYP4
g3762.Harm	CYP4
g3894.Harm	Uncharacterized
g4208.Harm	CYP4
g4559.Harm	CYP4
g4585.Harm	CYP3
g4603.Harm	CYP3
g223.Harm	CYP4
g4624.Harm	CYP3
g4657.Harm	Uncharacterized
g4842.Harm	CYP4
g4844.Harm	CYP4
g4934.Harm	CYP3
g4938.Harm	CYP3
g4945.Harm	CYP3
g4959.Harm	CYPM
g777.Harm	CYP4
g47.Harm	CYPM
g4118.Harm	CYP4
g4236.Harm	CYP4
g2528.Harm	CYP3
g2551.Harm	CYP3
g1010.Hcor	CYP4
g1163.Hcor	CYP4
g1542.Hcor	Uncharacterized
g1286.Hcor	CYP4
g145.Hcor	CYP3
g1414.Hcor	CYPM
g1417.Hcor	CYP2
g160.Hcor	CYP2
g170.Hcor	CYP2
g1724.Hcor	Uncharacterized
g1775.Hcor	CYP4
g101.Hcor	CYP3
g181.Hcor	CYP4
g1830.Hcor	Uncharacterized
g1911.Hcor	Uncharacterized
g2001.Hcor	Uncharacterized
g210.Hcor	CYP4
g2210.Hcor	CYP4
g222.Hcor	CYP4
g227.Hcor	CYP4
g2359.Hcor	CYP4
g237.Hcor	CYP4
g120.Hcor	CYP4
g2515.Hcor	Uncharacterized
g246.Hcor	CYP4
g276.Hcor	CYP4
g2923.Hcor	CYP4
g2975.Hcor	CYP4
g304.Hcor	CYP4
g356.Hcor	CYP4
g3145.Hcor	CYP4
g3165.Hcor	CYP2
g3202.Hcor	Uncharacterized
g2026.Hcor	CYPM
g3220.Hcor	CYPM
g3277.Hcor	CYP3
g3359.Hcor	Uncharacterized
g3477.Hcor	Uncharacterized
g3635.Hcor	Uncharacterized
g3681.Hcor	CYP2
g396.Hcor	CYP4
g443.Hcor	CYP2
g481.Hcor	CYP3
g48.Hcor	CYPR
g1080.Hcor	CYP4
g518.Hcor	Uncharacterized
g53.Hcor	CYP4
g594.Hcor	CYP4
g59.Hcor	CYP4
g618.Hcor	CYP2
g651.Hcor	CYP2
g686.Hcor	CYP3
g701.Hcor	CYP3
g730.Hcor	CYP3
g73.Hcor	CYP4
g1085.Hcor	CYP4
g747.Hcor	CYP2
g765.Hcor	CYP2
g793.Hcor	CYP2
g871.Hcor	CYP4
g95.Hcor	CYP4
g982.Hcor	CYP4
g1091.Hcor	CYP4
g1097.Hcor	CYP3
g1110.Hcor	CYPM
g697.Hvit	Uncharacterized
g1126.Hvit	CYP4
g1144.Hvit	CYP3
g1147.Hvit	CYP3
g1149.Hvit	CYP4
g2616.Hvit	CYP4
g1196.Hvit	CYP2
g1212.Hvit	CYP3
g1223.Hvit	CYP3
g1849.Hvit	CYP3
g1237.Hvit	CYP3
g142.Hvit	CYP4
g1268.Hvit	CYP4
g1303.Hvit	CYPM
g1318.Hvit	CYPM
g1349.Hvit	CYP4
g1373.Hvit	CYP4
g1403.Hvit	CYPM
g1415.Hvit	CYPM
g1454.Hvit	CYP2
g1477.Hvit	CYP2
g1614.Hvit	CYP3
g1083.Hvit	CYP3
g1635.Hvit	CYPR
g1658.Hvit	CYP3
g1673.Hvit	CYP3
g1694.Hvit	CYP3
g1698.Hvit	CYP2
g16.Hvit	CYP3
g1704.Hvit	CYP44
g1713.Hvit	CYP3
g1731.Hvit	CYP3
g1740.Hvit	CYP3
g1085.Hvit	CYP4
g1746.Hvit	CYP3
g1747.Hvit	CYP3
g1752.Hvit	CYP3
g1780.Hvit	CYP4
g1802.Hvit	CYP3
g1817.Hvit	CYP3
g1822.Hvit	CYP3
g1828.Hvit	CYP2
g1836.Hvit	CYP3
g1871.Hvit	CYP3
g1092.Hvit	CYP4
g1917.Hvit	CYP3
g2.Hvit	CYP3
g2063.Hvit	CYP3
g217.Hvit	CYP2
g2086.Hvit	CYP2
g2101.Hvit	CYP4
g2116.Hvit	CYP4
g2125.Hvit	CYP4
g2126.Hvit	CYP3
g2133.Hvit	CYP3
g1101.Hvit	CYP4
g2147.Hvit	CYP2
g2161.Hvit	CYP3
g2177.Hvit	CYP3
g2217.Hvit	Uncharacterized
g2244.Hvit	CYP3
g2269.Hvit	CYP3
g234.Hvit	CYP3
g2420.Hvit	CYP3
g25.Hvit	CYP3
g2574.Hvit	CYP3
g9.Hvit	CYP2
g2894.Hvit	CYP3
g2896.Hvit	CYP3
g2900.Hvit	CYP3
g2921.Hvit	CYPM
g3017.Hvit	CYP4
g3056.Hvit	Uncharacterized
g3080.Hvit	Uncharacterized
g3099.Hvit	Uncharacterized
g3116.Hvit	Uncharacterized
g3127.Hvit	Uncharacterized
g1110.Hvit	CYP4
g594.Hvit	CYP3
g618.Hvit	CYP2
g623.Hvit	CYP2
g629.Hvit	CYP3
g640.Hvit	CYP3
g645.Hvit	CYP3
g650.Hvit	CYP3
g666.Hvit	Uncharacterized
g70.Hvit	CYP3
g1124.Hvit	CYP4
g1469.Iele	Uncharacterized
g1745.Iele	CYPM
g1775.Iele	CYP4
g1841.Iele	CYP4
g2008.Iele	CYPM
g2083.Iele	CYP4
g2086.Iele	CYP2
g2088.Iele	CYP4
g2107.Iele	CYP4
g2129.Iele	CYP4
g2154.Iele	CYP3
g112.Iele	CYP2
g2164.Iele	Uncharacterized
g2309.Iele	CYP3
g2323.Iele	CYP3
g2336.Iele	CYP3
g2345.Iele	CYPM
g2365.Iele	CYP2
g2366.Iele	CYPM
g2380.Iele	CYP20
g2396.Iele	CYP2
g2952.Iele	CYP3
g21.Iele	CYPR
g247.Iele	CYP2
g263.Iele	CYP2
g287.Iele	CYP4
g295.Iele	CYP4
g330.Iele	CYP3
g3559.Iele	CYP3
g3703.Iele	CYP3
g485.Iele	Uncharacterized
g698.Iele	CYP3
g92.Iele	CYP2
g1583.Iele	CYP2
g913.Iele	Uncharacterized
g1657.Iele	CYP4
g1663.Iele	CYP2
g1699.Iele	CYP2
g1725.Iele	CYP2
g1729.Iele	CYP2
g974.Igra	CYP3
g1426.Igra	CYP4
g1672.Igra	CYP3
g1784.Igra	CYP3
g1809.Igra	CYPM
g1827.Igra	CYPM
g1844.Igra	CYPM
g2052.Igra	Uncharacterized
g204.Igra	CYP2
g2125.Igra	CYP3
g2151.Igra	CYP3
g2162.Igra	CYP3
g2169.Igra	CYP3
g2201.Igra	CYPM
g2250.Igra	CYP4
g2264.Igra	CYPM
g2274.Igra	CYPM
g2299.Igra	CYP3
g258.Igra	CYP2
g2384.Igra	CYP3
g2419.Igra	CYP4
g1071.Igra	CYP4
g2627.Igra	CYP4
g4555.Igra	CYP3
g268.Igra	CYP4
g277.Igra	CYPM
g313.Igra	CYPR
g3310.Igra	CYPM
g3429.Igra	CYP4
g340.Igra	CYP4
g351.Igra	CYP2
g3578.Igra	CYP3
g1098.Igra	CYP3
g3614.Igra	CYP4
g3616.Igra	CYP4
g4358.Igra	CYP4
g3622.Igra	CYP4
g374.Igra	CYP3
g3669.Igra	CYP2
g3684.Igra	CYP4
g3703.Igra	CYP4
g3731.Igra	Uncharacterized
g5191.Igra	CYP3
g9.Igra	CYP3
g3787.Igra	CYP3
g3982.Igra	CYP3
g4042.Igra	CYP3
g4227.Igra	Uncharacterized
g4306.Igra	CYP3
g4320.Igra	CYP3
g4368.Igra	CYP4
g4448.Igra	CYP3
g4461.Igra	CYP4
g4470.Igra	CYPM
g1135.Igra	CYPM
g4542.Igra	CYP3
g4585.Igra	CYPM
g4599.Igra	CYPM
g4603.Igra	Uncharacterized
g502.Igra	CYP4
g4635.Igra	CYPM
g4662.Igra	CYP4
g4734.Igra	CYP2
g4756.Igra	CYP2
g4788.Igra	CYP2
g1209.Igra	CYP2
g4824.Igra	CYP3
g4863.Igra	CYP4
g4882.Igra	Uncharacterized
g4959.Igra	CYP4
g4988.Igra	CYP4
g5020.Igra	CYP4
g5061.Igra	CYP4
g5107.Igra	CYP2
g5112.Igra	CYP4
g5121.Igra	CYP4
g1256.Igra	CYP2
g5135.Igra	CYP2
g5243.Igra	CYP3
g5363.Igra	CYP4
g5392.Igra	CYP4
g5401.Igra	CYP4
g839.Igra	CYP2
g881.Igra	Uncharacterized
g912.Igra	CYPM
g1327.Igra	CYP3
g1004.Lkoh	CYP3
g874.Lkoh	CYPM
g2321.Lkoh	CYPM
g2409.Lkoh	CYPM
g2088.Lkoh	CYPM
g2260.Lkoh	CYP2
g2250.Lkoh	CYP3
g2288.Lkoh	CYP2
g2362.Lkoh	CYPM
g358.Lkoh	CYP3
g393.Lkoh	CYP3
g1005.Lkoh	CYP3
g520.Lkoh	CYP3
g839.Lkoh	CYP4
g956.Lkoh	CYPM
g200.Lkoh	Uncharacterized
g764.Lkoh	Uncharacterized
g264.Lkoh	Uncharacterized
g708.Lkoh	Uncharacterized
g460.Lkoh	CYP4
g1329.Lkoh	Uncharacterized
g1503.Lkoh	CYP3
g1005.Lmig	CYP2
g1141.Lmig	CYP2
g6225.Lmig	CYP3
g633.Lmig	CYP3
g6254.Lmig	CYP3
g669.Lmig	CYP3
g695.Lmig	CYP3
g706.Lmig	CYP3
g719.Lmig	CYP4
g729.Lmig	CYP4
g732.Lmig	CYP4
g735.Lmig	CYP4
g1153.Lmig	CYP2
g741.Lmig	CYP4
g746.Lmig	CYP3
g751.Lmig	CYP3
g760.Lmig	CYPM
g783.Lmig	CYP3
g788.Lmig	CYP3
g883.Lmig	CYPM
g919.Lmig	CYPM
g971.Lmig	CYPM
g1156.Lmig	CYP2
g1170.Lmig	CYPM
g1281.Lmig	CYP3
g1311.Lmig	CYP3
g1315.Lmig	CYP4
g1322.Lmig	CYP3
g1324.Lmig	CYP2
g1368.Lmig	CYP2
g97.Lmig	Uncharacterized
g1409.Lmig	CYP3
g1434.Lmig	CYP4
g1465.Lmig	CYP4
g1614.Lmig	CYP4
g1696.Lmig	CYP4
g1705.Lmig	CYP4
g1706.Lmig	CYP4
g1709.Lmig	CYP3
g1710.Lmig	CYP4
g1723.Lmig	CYPR
g1027.Lmig	CYP4
g1739.Lmig	CYP4
g1742.Lmig	CYP4
g1743.Lmig	CYP4
g1752.Lmig	CYP3
g1770.Lmig	CYP4
g1892.Lmig	Uncharacterized
g2146.Lmig	Uncharacterized
g317.Lmig	CYP3
g2384.Lmig	Uncharacterized
g2620.Lmig	Uncharacterized
g1082.Lmig	CYP4
g2715.Lmig	Uncharacterized
g3056.Lmig	Uncharacterized
g3187.Lmig	CYP4
g3416.Lmig	CYPM
g467.Lmig	CYP3
g3431.Lmig	CYP3
g3482.Lmig	CYP3
g3513.Lmig	CYP3
g3569.Lmig	CYP3
g1102.Lmig	CYP2
g3575.Lmig	CYP3
g3842.Lmig	CYP3
g3848.Lmig	CYP3
g3877.Lmig	CYP3
g3883.Lmig	CYP3
g3904.Lmig	CYP3
g3928.Lmig	CYP3
g3939.Lmig	CYP3
g3950.Lmig	CYP2
g3984.Lmig	CYP2
g10.Lmig	CYP3
g3995.Lmig	CYP4
g4008.Lmig	Uncharacterized
g4043.Lmig	CYP3
g4070.Lmig	Uncharacterized
g4148.Lmig	CYP3
g4323.Lmig	Uncharacterized
g4497.Lmig	Uncharacterized
g4573.Lmig	CYP3
g4583.Lmig	CYP2
g4594.Lmig	CYP4
g1134.Lmig	CYP2
g4595.Lmig	CYP3
g4622.Lmig	Uncharacterized
g4701.Lmig	Uncharacterized
g4780.Lmig	CYP3
g4802.Lmig	CYP3
g4825.Lmig	Uncharacterized
g4841.Lmig	CYP3
g4884.Lmig	CYP3
g4888.Lmig	CYP4
g4894.Lmig	CYP3
g1138.Lmig	CYP2
g5078.Lmig	Uncharacterized
g556.Lmig	CYP3
g5130.Lmig	CYP3
g5167.Lmig	CYP3
g5208.Lmig	CYP3
g5214.Lmig	CYP2
g5233.Lmig	CYP2
g5362.Lmig	Uncharacterized
g5565.Lmig	CYP3
g5595.Lmig	CYP3
g1140.Lmig	CYP2
g5607.Lmig	CYP3
g5621.Lmig	CYP3
g5761.Lmig	Uncharacterized
g5823.Lmig	Uncharacterized
g5947.Lmig	Uncharacterized
g6041.Lmig	CYP3
g6071.Lmig	CYP3
g6098.Lmig	CYP3
g6130.Lmig	CYP3
g6201.Lmig	CYPM
g10021.Lnig	CYPR
g10229.Lnig	CYP3
g639.Lnig	CYP3
g6972.Lnig	CYP3
g7040.Lnig	CYP4
g7043.Lnig	CYP2
g7052.Lnig	CYP3
g7057.Lnig	CYP3
g7168.Lnig	CYP4
g7178.Lnig	CYPM
g7194.Lnig	CYP4
g7226.Lnig	Uncharacterized
g10237.Lnig	Uncharacterized
g7239.Lnig	CYP2
g7259.Lnig	CYP3
g7269.Lnig	CYP4
g7317.Lnig	CYP3
g7354.Lnig	CYP3
g7429.Lnig	CYP4
g7962.Lnig	CYP2
g7640.Lnig	CYP4
g7739.Lnig	Uncharacterized
g794.Lnig	CYP3
g10278.Lnig	CYP4
g7892.Lnig	CYP4
g7938.Lnig	CYP4
g7952.Lnig	CYP4
g8037.Lnig	Uncharacterized
g8058.Lnig	CYP2
g8106.Lnig	CYP4
g8111.Lnig	Uncharacterized
g8392.Lnig	CYP3
g8435.Lnig	CYP2
g10296.Lnig	CYP4
g8442.Lnig	CYP2
g8481.Lnig	CYPM
g8606.Lnig	CYPM
g8660.Lnig	CYP4
g8736.Lnig	CYP4
g8750.Lnig	CYP4
g8759.Lnig	CYP3
g8773.Lnig	CYP4
g9957.Lnig	Uncharacterized
g9983.Lnig	CYP3
g10298.Lnig	CYP4
g4329.Lnig	CYP3
g752.Lnig	Uncharacterized
g10462.Lnig	Uncharacterized
g12.Lnig	CYP4
g5042.Lnig	CYP4
g1086.Lnig	CYP4
g385.Lnig	CYP4
g186.Lnig	CYP4
g7359.Lnig	CYP4
g1949.Lnig	Uncharacterized
g2102.Lnig	CYP4
g2105.Lnig	CYP4
g2109.Lnig	CYP4
g2115.Lnig	CYP4
g2152.Lnig	CYP3
g2264.Lnig	CYP4
g10053.Lnig	CYP3
g2366.Lnig	CYP44
g2372.Lnig	CYP4
g2492.Lnig	CYP4
g3428.Lnig	CYPM
g2548.Lnig	CYP4
g2557.Lnig	CYP4
g2561.Lnig	CYP4
g2575.Lnig	CYP3
g2593.Lnig	CYP3
g2614.Lnig	CYP3
g132.Lnig	CYP4
g2625.Lnig	CYP3
g3880.Lnig	Uncharacterized
g2648.Lnig	CYP4
g2650.Lnig	CYP2
g2655.Lnig	CYP4
g2661.Lnig	CYP4
g2677.Lnig	CYP3
g2720.Lnig	CYP3
g2739.Lnig	CYP4
g3123.Lnig	CYP4
g10193.Lnig	CYP4
g2747.Lnig	CYP3
g2751.Lnig	CYP4
g2753.Lnig	CYP4
g2756.Lnig	CYP4
g2780.Lnig	CYP4
g2788.Lnig	CYP4
g2827.Lnig	CYP4
g2879.Lnig	CYP4
g3278.Lnig	CYP4
g3299.Lnig	CYP2
g10196.Lnig	CYP4
g3343.Lnig	CYP2
g5050.Lnig	CYP4
g3390.Lnig	CYP3
g3432.Lnig	CYPM
g3561.Lnig	Uncharacterized
g3654.Lnig	Uncharacterized
g3819.Lnig	Uncharacterized
g8604.Lnig	CYPM
g8703.Lnig	CYP4
g387.Lnig	CYP4
g10207.Lnig	CYP3
g3902.Lnig	Uncharacterized
g388.Lnig	CYP4
g3940.Lnig	CYP4
g3975.Lnig	CYPM
g4058.Lnig	CYP4
g4124.Lnig	CYP4
g4235.Lnig	CYP4
g437.Lnig	Uncharacterized
g4239.Lnig	CYP4
g4324.Lnig	CYP3
g10213.Lnig	CYP4
g4440.Lnig	CYP3
g4461.Lnig	CYP3
g4468.Lnig	CYP3
g4492.Lnig	CYP4
g44.Lnig	CYPM
g5009.Lnig	CYPM
g8554.Lnig	CYP2
g5070.Lnig	CYP4
g5150.Lnig	Uncharacterized
g10217.Lnig	CYPM
g5194.Lnig	CYP3
g53.Lnig	CYP4
g5268.Lnig	Uncharacterized
g5328.Lnig	Uncharacterized
g5638.Lnig	CYP3
g562.Lnig	Uncharacterized
g573.Lnig	Uncharacterized
g579.Lnig	CYPM
g6220.Lnig	CYP3
g617.Lnig	Uncharacterized
g1060.Mrel	CYP4
g1454.Mrel	CYP2
g1480.Mrel	Uncharacterized
g155.Mrel	CYP2
g1640.Mrel	Uncharacterized
g1690.Mrel	CYP3
g1702.Mrel	CYP4
g1719.Mrel	CYP4
g1721.Mrel	CYP4
g1723.Mrel	CYP4
g1724.Mrel	CYP4
g106.Mrel	CYP3
g1731.Mrel	CYP3
g1753.Mrel	CYPM
g1782.Mrel	CYP4
g1807.Mrel	CYP2
g1818.Mrel	CYP2
g1837.Mrel	Uncharacterized
g1880.Mrel	CYPM
g190.Mrel	CYP4
g1968.Mrel	CYP3
g1979.Mrel	CYP3
g15.Mrel	CYP3
g2448.Mrel	Uncharacterized
g208.Mrel	CYP3
g87.Mrel	CYP3
g246.Mrel	Uncharacterized
g2495.Mrel	Uncharacterized
g2774.Mrel	Uncharacterized
g2950.Mrel	CYP4
g3012.Mrel	CYP4
g3024.Mrel	CYP4
g3261.Mrel	CYPM
g1127.Mrel	CYP4
g3292.Mrel	CYPM
g3310.Mrel	CYP4
g3342.Mrel	CYP2
g3375.Mrel	Uncharacterized
g341.Mrel	CYP4
g3449.Mrel	CYP4
g353.Mrel	CYP4
g3746.Mrel	Uncharacterized
g363.Mrel	CYP4
g368.Mrel	CYP2
g1255.Mrel	Uncharacterized
g384.Mrel	CYP2
g416.Mrel	CYP2
g4398.Mrel	CYP4
g4343.Mrel	CYP4
g4409.Mrel	CYP2
g4439.Mrel	CYP3
g472.Mrel	CYP4
g596.Mrel	CYP4
g612.Mrel	CYP4
g619.Mrel	CYP4
g114.Mrel	CYP3
g622.Mrel	CYP4
g649.Mrel	CYP4
g700.Mrel	CYP4
g705.Mrel	CYP4
g735.Mrel	CYP4
g771.Mrel	CYP4
g877.Mrel	CYPR
g942.Mrel	CYPM
g122.Mrel	CYP2
g1396.Mrel	Uncharacterized
g1437.Mrel	Uncharacterized
g9957.Mtha	CYP4
g10733.Mtha	CYP2
g10791.Mtha	CYP2
g10949.Mtha	CYP2
g11070.Mtha	CYP44
g11074.Mtha	CYP3
g11435.Mtha	CYP4
g11684.Mtha	CYP3
g11694.Mtha	CYP4
g11721.Mtha	CYP4
g11731.Mtha	CYP4
g994.Mtha	Uncharacterized
g11733.Mtha	CYP4
g11765.Mtha	CYP4
g11769.Mtha	CYP4
g11791.Mtha	CYP4
g11806.Mtha	CYP4
g11859.Mtha	CYP4
g12379.Mtha	CYP4
g13043.Mtha	CYP4
g13055.Mtha	CYP4
g13146.Mtha	CYP4
g10339.Mtha	CYP4
g13277.Mtha	CYP4
g13342.Mtha	Uncharacterized
g13520.Mtha	Uncharacterized
g1350.Mtha	Uncharacterized
g13570.Mtha	CYP3
g13876.Mtha	CYP3
g1736.Mtha	Uncharacterized
g14130.Mtha	Uncharacterized
g140.Mtha	CYPM
g14573.Mtha	Uncharacterized
g125.Mtha	CYP4
g15695.Mtha	CYP3
g15754.Mtha	CYP3
g165.Mtha	CYP4
g176.Mtha	CYP4
g180.Mtha	CYP4
g1988.Mtha	CYP3
g2069.Mtha	CYP3
g2670.Mtha	Uncharacterized
g4933.Mtha	CYP3
g2936.Mtha	CYP3
g10535.Mtha	CYPR
g3319.Mtha	CYPM
g3449.Mtha	CYP2
g3596.Mtha	CYP2
g3601.Mtha	CYP2
g3605.Mtha	CYP2
g3618.Mtha	CYP2
g3697.Mtha	CYP4
g3812.Mtha	CYPR
g3816.Mtha	CYPM
g3906.Mtha	CYPM
g1140.Mtha	Uncharacterized
g4192.Mtha	CYP4
g8291.Mtha	Uncharacterized
g4366.Mtha	CYP4
g448.Mtha	CYP2
g4492.Mtha	CYPM
g4615.Mtha	CYP3
g4661.Mtha	Uncharacterized
g4668.Mtha	CYP3
g4686.Mtha	CYP4
g4809.Mtha	Uncharacterized
g10568.Mtha	CYPR
g4816.Mtha	CYP3
g4949.Mtha	CYP3
g5600.Mtha	CYP3
g6010.Mtha	Uncharacterized
g6551.Mtha	Uncharacterized
g60.Mtha	CYP4
g6837.Mtha	Uncharacterized
g6982.Mtha	CYP3
g7094.Mtha	CYP3
g10575.Mtha	CYP2
g7104.Mtha	CYP3
g7114.Mtha	CYP3
g7115.Mtha	CYP3
g7127.Mtha	CYPM
g7140.Mtha	CYPM
g7176.Mtha	CYPM
g7205.Mtha	CYPM
g7480.Mtha	Uncharacterized
g7561.Mtha	Uncharacterized
g7706.Mtha	CYPM
g10676.Mtha	CYP3
g7731.Mtha	Uncharacterized
g7874.Mtha	CYPM
g8069.Mtha	CYP4
g9064.Mtha	CYP3
g9076.Mtha	CYP3
g9302.Mtha	CYP4
g9367.Mtha	CYP3
g9534.Mtha	CYP2
g9664.Mtha	CYP2
g1008.Mvio	CYPM
g1498.Mvio	CYP4
g2127.Mvio	Uncharacterized
g19.Mvio	Uncharacterized
g2232.Mvio	Uncharacterized
g220.Mvio	CYP3
g296.Mvio	Uncharacterized
g2300.Mvio	Uncharacterized
g2349.Mvio	Uncharacterized
g2365.Mvio	CYP3
g2391.Mvio	CYP4
g130.Mvio	CYP3
g2400.Mvio	CYP4
g2418.Mvio	CYP4
g2476.Mvio	CYP4
g2552.Mvio	CYP4
g57.Mvio	CYPM
g2711.Mvio	CYP4
g2771.Mvio	CYP4
g2808.Mvio	Uncharacterized
g2821.Mvio	CYP4
g2828.Mvio	CYP4
g1055.Mvio	CYP4
g2956.Mvio	CYPM
g3001.Mvio	CYP2
g3016.Mvio	CYP2
g3034.Mvio	CYP3
g3047.Mvio	CYP2
g3107.Mvio	CYP2
g3154.Mvio	CYP4
g3161.Mvio	CYP4
g3170.Mvio	CYP4
g3185.Mvio	CYP4
g12.Mvio	Uncharacterized
g3188.Mvio	CYP4
g3195.Mvio	CYP4
g3258.Mvio	Uncharacterized
g3298.Mvio	CYP4
g331.Mvio	CYP3
g349.Mvio	CYP3
g450.Mvio	CYP4
g3730.Mvio	Uncharacterized
g3755.Mvio	CYP4
g3773.Mvio	CYPR
g1238.Mvio	Uncharacterized
g669.Mvio	CYP4
g769.Mvio	CYP4
g793.Mvio	CYP4
g801.Mvio	CYP2
g817.Mvio	CYP2
g838.Mvio	CYPM
g905.Mvio	CYP2
g92.Mvio	CYPM
g939.Mvio	CYP3
g953.Mvio	CYP4
g1273.Mvio	Uncharacterized
g971.Mvio	CYP3
g974.Mvio	CYP3
g1368.Mvio	Uncharacterized
g195.Mvio	Uncharacterized
g1459.Mvio	CYP3
g363.Ndub	Uncharacterized
g1522.Ndub	Uncharacterized
g162.Ndub	CYP2
g1611.Ndub	CYP2
g1667.Ndub	CYP4
g1697.Ndub	CYP4
g1728.Ndub	CYP4
g1735.Ndub	CYP4
g1751.Ndub	Uncharacterized
g1762.Ndub	CYP4
g86.Ndub	Uncharacterized
g1766.Ndub	CYP4
g1770.Ndub	CYP4
g1792.Ndub	CYP3
g1815.Ndub	CYP4
g1921.Ndub	CYP4
g1986.Ndub	CYP4
g2027.Ndub	CYP3
g2236.Ndub	Uncharacterized
g2338.Ndub	CYP3
g2379.Ndub	CYPM
g1121.Ndub	CYPM
g2404.Ndub	CYPR
g2441.Ndub	CYP2
g2469.Ndub	CYP2
g468.Ndub	CYP4
g2497.Ndub	CYP3
g2498.Ndub	CYP4
g2577.Ndub	CYP2
g2629.Ndub	CYP2
g2678.Ndub	CYP2
g2707.Ndub	CYP3
g1133.Ndub	CYP4
g2738.Ndub	Uncharacterized
g2780.Ndub	CYP3
g2819.Ndub	CYP4
g2830.Ndub	CYP4
g2880.Ndub	CYP4
g2969.Ndub	CYP2
g2972.Ndub	CYP4
g2980.Ndub	Uncharacterized
g2997.Ndub	CYP4
g3006.Ndub	CYP4
g1141.Ndub	CYP4
g3024.Ndub	CYPM
g3109.Ndub	CYP4
g3202.Ndub	CYP4
g3337.Ndub	CYP3
g3367.Ndub	CYP4
g3499.Ndub	Uncharacterized
g3580.Ndub	CYP3
g3610.Ndub	CYPM
g3646.Ndub	CYP2
g1172.Ndub	Uncharacterized
g3675.Ndub	CYP4
g3847.Ndub	CYP4
g4831.Ndub	CYP3
g4908.Ndub	CYP4
g4918.Ndub	CYP4
g4943.Ndub	Uncharacterized
g4979.Ndub	Uncharacterized
g5117.Ndub	CYP3
g5142.Ndub	CYP3
g5212.Ndub	Uncharacterized
g1203.Ndub	Uncharacterized
g5253.Ndub	CYP3
g5399.Ndub	CYP3
g5430.Ndub	CYP4
g5461.Ndub	CYP4
g5505.Ndub	CYP3
g5509.Ndub	CYP4
g5572.Ndub	CYP4
g5675.Ndub	CYP4
g5738.Ndub	Uncharacterized
g1211.Ndub	CYP2
g5821.Ndub	Uncharacterized
g5872.Ndub	CYP3
g5889.Ndub	CYP4
g5913.Ndub	CYP3
g6528.Ndub	CYP3
g6878.Ndub	CYP3
g6899.Ndub	CYPM
g7270.Ndub	CYP4
g7288.Ndub	CYP4
g1302.Ndub	CYPM
g7292.Ndub	CYP4
g7327.Ndub	CYP4
g7402.Ndub	CYP4
g7423.Ndub	CYPM
g1169.Npic	Uncharacterized
g219.Npic	CYP2
g2803.Npic	CYP4
g254.Npic	CYP2
g276.Npic	CYPR
g2964.Npic	CYP4
g2991.Npic	CYP4
g3054.Npic	CYP3
g307.Npic	CYPM
g3135.Npic	Uncharacterized
g317.Npic	CYP3
g82.Npic	CYP4
g3230.Npic	CYP3
g5609.Npic	CYP3
g3281.Npic	CYP2
g3314.Npic	CYP4
g3347.Npic	Uncharacterized
g3467.Npic	CYP4
g3489.Npic	CYP4
g3499.Npic	CYP4
g3506.Npic	CYP4
g599.Npic	CYP4
g164.Npic	CYP4
g368.Npic	CYP4
g3725.Npic	CYP4
g3875.Npic	CYP3
g3929.Npic	CYP44
g3942.Npic	CYP4
g6092.Npic	CYP2
g4025.Npic	Uncharacterized
g4224.Npic	CYP4
g6217.Npic	CYP3
g25.Npic	CYP3
g4455.Npic	Uncharacterized
g4470.Npic	CYPM
g4558.Npic	CYP4
g4594.Npic	CYP4
g4597.Npic	CYP4
g4613.Npic	CYP4
g4741.Npic	CYP4
g5097.Npic	CYPM
g5508.Npic	CYP3
g537.Npic	CYP4
g1576.Npic	CYP2
g545.Npic	CYP4
g547.Npic	CYP4
g549.Npic	CYP4
g556.Npic	CYP4
g575.Npic	CYP4
g588.Npic	CYP4
g593.Npic	CYP4
g5943.Npic	CYP3
g6007.Npic	CYP4
g1815.Npic	Uncharacterized
g6020.Npic	CYP3
g616.Npic	CYP4
g6057.Npic	CYP4
g6073.Npic	CYP2
g6187.Npic	CYP2
g6254.Npic	Uncharacterized
g621.Npic	CYP4
g628.Npic	CYP3
g644.Npic	CYPM
g6385.Npic	CYP3
g6645.Npic	CYP3
g6440.Npic	CYP4
g6471.Npic	CYP4
g6519.Npic	CYP4
g6612.Npic	CYP2
g6651.Npic	CYP3
g6660.Npic	CYP4
g6684.Npic	CYPM
g6755.Npic	CYP4
g71.Npic	CYP3
g753.Npic	CYP2
g2076.Npic	CYP3
g2236.Npic	CYP4
g1007.Pame	CYP4
g155.Pame	CYP2
g634.Pame	Uncharacterized
g6334.Pame	Uncharacterized
g6344.Pame	Uncharacterized
g6356.Pame	Uncharacterized
g6360.Pame	CYPM
g6394.Pame	CYP4
g6471.Pame	Uncharacterized
g650.Pame	CYP3
g668.Pame	CYP3
g6693.Pame	Uncharacterized
g1585.Pame	CYP3
g6852.Pame	CYP3
g6871.Pame	CYP4
g6915.Pame	CYP3
g6950.Pame	CYP2
g771.Pame	Uncharacterized
g793.Pame	CYP2
g828.Pame	CYP2
g846.Pame	CYP2
g921.Pame	CYP3
g933.Pame	CYP3
g1620.Pame	CYP3
g943.Pame	CYP2
g993.Pame	CYP3
g996.Pame	CYP3
g1684.Pame	CYP3
g1714.Pame	CYP3
g1716.Pame	CYP3
g1727.Pame	CYP3
g1855.Pame	CYP3
g186.Pame	CYP3
g1970.Pame	CYP3
g96.Pame	CYP4
g201.Pame	CYP2
g246.Pame	CYP2
g2320.Pame	CYP3
g2334.Pame	CYP3
g2361.Pame	CYP3
g2409.Pame	CYP2
g2435.Pame	CYP2
g2453.Pame	CYPM
g2514.Pame	CYP4
g2622.Pame	CYP4
g1085.Pame	CYP4
g2648.Pame	CYP3
g2687.Pame	Uncharacterized
g271.Pame	CYP2
g2691.Pame	CYP3
g2694.Pame	CYP4
g2709.Pame	CYP4
g2719.Pame	CYP4
g2769.Pame	CYP4
g277.Pame	CYP3
g2782.Pame	CYP4
g1102.Pame	CYP4
g2814.Pame	CYPM
g2843.Pame	CYPM
g2871.Pame	CYP4
g287.Pame	CYP2
g2919.Pame	Uncharacterized
g2981.Pame	CYP4
g3002.Pame	CYP4
g3013.Pame	CYP4
g3017.Pame	CYP4
g3032.Pame	CYP4
g9.Pame	CYPM
g3048.Pame	Uncharacterized
g3056.Pame	CYP3
g3060.Pame	Uncharacterized
g3067.Pame	CYP3
g3081.Pame	CYP3
g49.Pame	CYP4
g3114.Pame	CYP3
g3192.Pame	Uncharacterized
g3206.Pame	CYP3
g3284.Pame	Uncharacterized
g1115.Pame	CYP4
g3319.Pame	Uncharacterized
g3394.Pame	CYP3
g854.Pame	CYPM
g3423.Pame	CYP3
g3438.Pame	CYP3
g3459.Pame	Uncharacterized
g3860.Pame	Uncharacterized
g394.Pame	CYP4
g721.Pame	Uncharacterized
g4002.Pame	CYP4
g1122.Pame	CYP4
g4180.Pame	CYP4
g420.Pame	CYP2
g422.Pame	CYP2
g461.Pame	CYP3
g4606.Pame	Uncharacterized
g4748.Pame	Uncharacterized
g4847.Pame	CYP4
g966.Pame	CYP4
g509.Pame	CYP3
g4869.Pame	CYP4
g1302.Pame	CYP3
g4877.Pame	CYP4
g5000.Pame	CYP4
g5074.Pame	Uncharacterized
g537.Pame	Uncharacterized
g5217.Pame	CYP4
g5238.Pame	CYPR
g5264.Pame	CYP4
g5328.Pame	Uncharacterized
g5404.Pame	Uncharacterized
g5844.Pame	Uncharacterized
g1551.Pame	CYP3
g5954.Pame	Uncharacterized
g5955.Pame	CYP3
g5974.Pame	Uncharacterized
g618.Pame	Uncharacterized
g6140.Pame	Uncharacterized
g6170.Pame	Uncharacterized
g6203.Pame	Uncharacterized
g6230.Pame	Uncharacterized
g6292.Pame	Uncharacterized
g6315.Pame	Uncharacterized
g514.Pgib	Uncharacterized
g1797.Pgib	CYPM
g1814.Pgib	CYP4
g2786.Pgib	CYP4
g1912.Pgib	CYP2
g1940.Pgib	CYP4
g1963.Pgib	CYP4
g2001.Pgib	CYP2
g2041.Pgib	CYP4
g2067.Pgib	Uncharacterized
g15.Pgib	CYP4
g2137.Pgib	CYP4
g224.Pgib	CYP2
g2341.Pgib	CYPR
g2387.Pgib	CYP3
g245.Pgib	CYP3
g2533.Pgib	CYP2
g271.Pgib	Uncharacterized
g282.Pgib	CYPM
g2866.Pgib	CYP3
g2916.Pgib	CYP2
g139.Pgib	CYP4
g2945.Pgib	CYP4
g2978.Pgib	CYP44
g2984.Pgib	CYP4
g3021.Pgib	Uncharacterized
g299.Pgib	CYP4
g3082.Pgib	CYP4
g532.Pgib	CYP3
g191.Pgib	CYP3
g1684.Pgib	CYP4
g1695.Pgib	CYP4
g1700.Pgib	CYP2
g1750.Pgib	CYP4
g1782.Pgib	CYP3
g58.Pmon	Uncharacterized
g1320.Pmon	CYP4
g1351.Pmon	CYP2
g1360.Pmon	CYP3
g1444.Pmon	CYP4
g1526.Pmon	CYPM
g2164.Pmon	CYP4
g2505.Pmon	CYP4
g2520.Pmon	CYP2
g2546.Pmon	CYPM
g2571.Pmon	CYP4
g344.Pmon	Uncharacterized
g2581.Pmon	CYP4
g2692.Pmon	CYP3
g2754.Pmon	CYP3
g2774.Pmon	CYP4
g2849.Pmon	CYP3
g2860.Pmon	CYP4
g2958.Pmon	CYP4
g2963.Pmon	CYP3
g1101.Pmon	CYP2
g2972.Pmon	Uncharacterized
g3110.Pmon	CYP4
g3147.Pmon	CYP4
g3196.Pmon	CYP3
g3287.Pmon	CYP4
g3312.Pmon	CYP4
g3331.Pmon	CYP4
g3333.Pmon	CYP4
g3796.Pmon	CYP4
g1131.Pmon	CYP3
g4014.Pmon	CYP4
g4054.Pmon	CYP3
g4138.Pmon	CYPM
g4484.Pmon	CYP3
g43.Pmon	CYP3
g498.Pmon	Uncharacterized
g4754.Pmon	CYPM
g4793.Pmon	Uncharacterized
g4809.Pmon	CYP3
g4830.Pmon	CYP2
g1166.Pmon	Uncharacterized
g4878.Pmon	CYP3
g4970.Pmon	CYP4
g4984.Pmon	CYP4
g5022.Pmon	Uncharacterized
g5098.Pmon	CYP3
g5188.Pmon	CYP4
g5233.Pmon	CYP3
g5283.Pmon	Uncharacterized
g5292.Pmon	CYP4
g5294.Pmon	CYP4
g20.Pmon	CYP4
g5312.Pmon	CYP4
g5437.Pmon	CYP44
g5472.Pmon	CYP2
g5614.Pmon	CYP3
g5717.Pmon	CYP3
g5786.Pmon	CYP4
g578.Pmon	CYP3
g5817.Pmon	CYP4
g6105.Pmon	Uncharacterized
g594.Pmon	CYPM
g1220.Pmon	CYP3
g625.Pmon	CYPR
g6450.Pmon	CYP3
g6460.Pmon	CYP3
g647.Pmon	CYP2
g6486.Pmon	CYP2
g6506.Pmon	CYP3
g6563.Pmon	CYP3
g713.Pmon	CYP3
g759.Pmon	CYP4
g782.Pmon	CYP4
g2837.Pmon	Uncharacterized
g942.Pmon	Uncharacterized
g946.Pmon	CYP4
g954.Pmon	CYP2
g1252.Pmon	CYP4
g1046.Rspe	Uncharacterized
g2021.Rspe	CYP4
g2038.Rspe	CYP2
g2112.Rspe	CYP2
g2126.Rspe	CYP2
g2159.Rspe	CYP2
g2199.Rspe	CYPM
g2246.Rspe	CYPM
g2270.Rspe	Uncharacterized
g2306.Rspe	Uncharacterized
g2396.Rspe	Uncharacterized
g94.Rspe	Uncharacterized
g2541.Rspe	Uncharacterized
g2576.Rspe	CYP3
g2621.Rspe	CYP3
g2642.Rspe	CYP3
g2648.Rspe	Uncharacterized
g2659.Rspe	CYP4
g2670.Rspe	CYP3
g2823.Rspe	CYP2
g2881.Rspe	CYP2
g2916.Rspe	CYP4
g16.Rspe	CYP4
g3105.Rspe	Uncharacterized
g3119.Rspe	CYP4
g3149.Rspe	CYP4
g3157.Rspe	CYPM
g7270.Rspe	CYP4
g3184.Rspe	CYP4
g3277.Rspe	Uncharacterized
g324.Rspe	CYP3
g339.Rspe	Uncharacterized
g3441.Rspe	CYP4
g1741.Rspe	Uncharacterized
g3495.Rspe	CYP4
g3671.Rspe	Uncharacterized
g388.Rspe	Uncharacterized
g446.Rspe	Uncharacterized
g4756.Rspe	Uncharacterized
g823.Rspe	Uncharacterized
g5010.Rspe	Uncharacterized
g5402.Rspe	Uncharacterized
g5441.Rspe	CYP4
g5499.Rspe	CYP3
g1855.Rspe	CYPM
g5570.Rspe	CYP3
g5634.Rspe	Uncharacterized
g5660.Rspe	Uncharacterized
g5662.Rspe	CYP3
g5815.Rspe	CYP3
g6646.Rspe	CYP3
g6843.Rspe	Uncharacterized
g6895.Rspe	CYP3
g6933.Rspe	CYP3
g6975.Rspe	CYP3
g1863.Rspe	CYP4
g6999.Rspe	CYP2
g7005.Rspe	CYP2
g7047.Rspe	CYP3
g7074.Rspe	CYP4
g7081.Rspe	CYP4
g7361.Rspe	CYP4
g7496.Rspe	CYP4
g880.Rspe	CYP3
g1976.Rspe	CYP4
g1996.Rspe	CYP2
g2014.Rspe	CYP3
g10687.Salt	Uncharacterized
g140.Salt	CYPM
g1479.Salt	CYPM
g1490.Salt	CYPM
g1564.Salt	Uncharacterized
g157.Salt	CYP2
g1626.Salt	Uncharacterized
g172.Salt	CYP3
g1764.Salt	CYPR
g1783.Salt	CYPR
g979.Salt	Uncharacterized
g2064.Salt	CYP3
g296.Salt	CYP2
g3308.Salt	CYP3
g46.Salt	CYP2
g333.Salt	CYP2
g3506.Salt	CYPM
g365.Salt	CYPM
g3586.Salt	CYP4
g3619.Salt	CYP3
g7037.Salt	Uncharacterized
g99.Salt	CYP2
g66.Salt	CYPM
g799.Salt	CYP3
g7485.Salt	Uncharacterized
g7622.Salt	Uncharacterized
g7705.Salt	CYP3
g7724.Salt	CYPM
g7849.Salt	Uncharacterized
g8024.Salt	CYP2
g8035.Salt	CYP3
g3335.Salt	CYP3
g8102.Salt	CYPM
g8188.Salt	CYP4
g8213.Salt	CYP2
g8243.Salt	CYP2
g8255.Salt	Uncharacterized
g8297.Salt	CYP4
g8305.Salt	CYP4
g8413.Salt	CYPM
g8433.Salt	CYP4
g8554.Salt	CYPM
g8565.Salt	CYPM
g8588.Salt	Uncharacterized
g8606.Salt	CYP4
g89.Salt	CYP4
g9425.Salt	CYP4
g1118.Salt	CYP2
g1160.Salt	CYP2
g1321.Salt	CYP44
g1456.Salt	CYP2
g1148.Scol	Uncharacterized
g2271.Scol	CYP3
g5885.Scol	Uncharacterized
g2727.Scol	CYP4
g6493.Scol	CYP4
g6597.Scol	Uncharacterized
g601.Scol	CYP3
g3247.Scol	Uncharacterized
g2648.Scol	CYP3
g2719.Scol	CYPM
g1649.Scol	CYPM
g5360.Scol	CYP4
g3602.Scol	CYP3
g6607.Scol	Uncharacterized
g3284.Scol	CYP3
g3297.Scol	CYP3
g5516.Scol	Uncharacterized
g3617.Scol	CYP3
g4180.Scol	CYPM
g6483.Scol	CYP4
g6388.Scol	CYP4
g2494.Scol	CYP2
g5281.Scol	CYP3
g5318.Scol	CYP3
g6097.Scol	CYP3
g5810.Scol	CYP4
g604.Scol	CYP3
g6146.Scol	CYP2
g6303.Scol	CYP2
g6559.Scol	CYP4
g6567.Scol	CYP3
g1560.Scol	Uncharacterized
g2866.Scol	CYPM
g1580.Scol	CYPM
g1714.Scol	Uncharacterized
g5223.Scol	Uncharacterized
g2176.Scol	CYP4
g988.Sgre	CYP3
g176.Sgre	CYP3
g3589.Sgre	CYP2
g3615.Sgre	CYP4
g3703.Sgre	CYP2
g3715.Sgre	CYP4
g3716.Sgre	CYP4
g3719.Sgre	CYP4
g3726.Sgre	CYP2
g380.Sgre	CYP3
g3738.Sgre	CYP2
g3744.Sgre	CYP2
g1508.Sgre	CYP3
g3758.Sgre	CYP2
g3776.Sgre	CYP2
g3783.Sgre	CYP3
g3790.Sgre	CYP3
g3812.Sgre	CYP3
g3821.Sgre	CYP3
g3825.Sgre	CYP3
g3838.Sgre	CYP3
g3848.Sgre	CYP3
g3862.Sgre	CYPM
g1547.Sgre	CYP3
g3913.Sgre	CYPM
g435.Sgre	CYP3
g3974.Sgre	CYP4
g4057.Sgre	CYP4
g4215.Sgre	CYP4
g4435.Sgre	CYP4
g461.Sgre	CYP3
g4610.Sgre	CYP4
g492.Sgre	CYP3
g4747.Sgre	CYP4
g1582.Sgre	CYP3
g5001.Sgre	CYP4
g5207.Sgre	Uncharacterized
g5243.Sgre	Uncharacterized
g5368.Sgre	CYP4
g555.Sgre	CYP3
g5499.Sgre	CYP3
g5589.Sgre	CYP3
g5613.Sgre	CYP3
g5735.Sgre	CYP3
g5974.Sgre	CYP3
g1621.Sgre	CYP3
g625.Sgre	CYP3
g6026.Sgre	CYP3
g6029.Sgre	CYP3
g6034.Sgre	CYP4
g6036.Sgre	CYP4
g6037.Sgre	CYP4
g6040.Sgre	CYP4
g6042.Sgre	CYP4
g6044.Sgre	CYP4
g6045.Sgre	CYP4
g1674.Sgre	CYP3
g6048.Sgre	CYP4
g6064.Sgre	CYP3
g6073.Sgre	CYP4
g6074.Sgre	CYP4
g6075.Sgre	CYP4
g6077.Sgre	CYP4
g6079.Sgre	CYP4
g6095.Sgre	CYP4
g6115.Sgre	CYP4
g6185.Sgre	CYP3
g1771.Sgre	CYP2
g6207.Sgre	CYPR
g6264.Sgre	CYP3
g633.Sgre	CYP3
g6276.Sgre	CYP4
g6277.Sgre	CYP4
g6281.Sgre	CYP4
g672.Sgre	CYP3
g767.Sgre	CYP3
g79.Sgre	CYP3
g888.Sgre	CYP3
g1796.Sgre	CYP3
g923.Sgre	CYP3
g950.Sgre	CYP3
g972.Sgre	CYP3
g983.Sgre	CYP3
g1803.Sgre	CYP2
g1808.Sgre	CYP4
g98.Sgre	CYP3
g1819.Sgre	CYP3
g1851.Sgre	CYP3
g1870.Sgre	CYP3
g1893.Sgre	CYP3
g1908.Sgre	CYP3
g1918.Sgre	CYP3
g1998.Sgre	CYP3
g2031.Sgre	CYP3
g2039.Sgre	CYP3
g2046.Sgre	CYP4
g1058.Sgre	CYP3
g2050.Sgre	CYP3
g2101.Sgre	CYP3
g2203.Sgre	CYP3
g220.Sgre	CYP2
g2249.Sgre	CYP3
g2277.Sgre	CYP4
g2294.Sgre	CYP3
g2298.Sgre	CYPM
g2321.Sgre	CYP3
g235.Sgre	CYP2
g1111.Sgre	CYP3
g2409.Sgre	CYP2
g2416.Sgre	CYP3
g2417.Sgre	CYP4
g2431.Sgre	CYP2
g2471.Sgre	CYP2
g248.Sgre	CYP2
g2491.Sgre	CYP4
g2537.Sgre	CYP3
g2575.Sgre	CYP4
g260.Sgre	CYP2
g14.Sgre	CYP3
g2620.Sgre	CYP3
g2634.Sgre	CYP3
g2636.Sgre	CYP3
g2641.Sgre	CYP3
g2649.Sgre	CYP3
g2659.Sgre	CYP3
g2678.Sgre	CYP3
g267.Sgre	CYP3
g2682.Sgre	CYP3
g2815.Sgre	CYP3
g1351.Sgre	CYP3
g2891.Sgre	CYP3
g29.Sgre	CYP3
g2970.Sgre	CYP3
g2992.Sgre	CYP3
g2995.Sgre	CYP3
g3097.Sgre	CYP3
g3143.Sgre	CYP3
g3157.Sgre	CYP3
g3182.Sgre	CYP3
g3200.Sgre	CYP3
g1354.Sgre	CYP3
g3210.Sgre	CYP3
g3231.Sgre	CYPM
g3236.Sgre	CYP3
g3242.Sgre	CYP3
g3252.Sgre	CYP3
g3255.Sgre	CYP3
g3260.Sgre	CYP3
g3265.Sgre	CYP3
g3270.Sgre	CYP3
g3281.Sgre	CYPM
g1408.Sgre	CYP3
g3295.Sgre	CYP4
g3342.Sgre	CYP2
g3345.Sgre	CYP2
g3347.Sgre	CYP2
g3348.Sgre	CYP2
g3349.Sgre	CYP2
g3351.Sgre	CYP2
g3352.Sgre	CYP2
g3353.Sgre	CYP2
g3357.Sgre	CYP2
g1449.Sgre	CYP3
g3359.Sgre	CYP2
g3362.Sgre	CYP2
g3368.Sgre	CYP4
g3397.Sgre	CYPM
g51.Sgre	CYP3
g3432.Sgre	CYPM
g3463.Sgre	CYPM
g3497.Sgre	CYPM
g3524.Sgre	CYPM
g3565.Sgre	CYPM
g1040.Sstr	Uncharacterized
g1759.Sstr	CYPM
g3704.Sstr	CYP2
g1881.Sstr	Uncharacterized
g2103.Sstr	CYP2
g2009.Sstr	CYP3
g2028.Sstr	CYP2
g2065.Sstr	CYP2
g2079.Sstr	CYP2
g2091.Sstr	CYP2
g2422.Sstr	Uncharacterized
g116.Sstr	CYP2
g2917.Sstr	Uncharacterized
g287.Sstr	CYP4
g3020.Sstr	CYP3
g3209.Sstr	Uncharacterized
g3377.Sstr	CYP3
g3421.Sstr	CYP4
g3427.Sstr	CYP4
g3432.Sstr	CYP3
g3545.Sstr	CYP2
g3630.Sstr	CYP2
g6.Sstr	CYP3
g3669.Sstr	CYPR
g367.Sstr	CYP4
g369.Sstr	CYP2
g3706.Sstr	CYP2
g395.Sstr	CYP4
g434.Sstr	CYP3
g447.Sstr	CYPM
g642.Sstr	Uncharacterized
g865.Sstr	CYPM
g887.Sstr	CYP3
g138.Sstr	CYP2
g169.Sstr	CYP4
g1687.Sstr	CYP3
g1697.Sstr	CYPM
g1709.Sstr	CYPM
g1716.Sstr	CYPM
g1168.Tcas	CYP3
g1192.Tcas	CYP3
g1256.Tcas	CYP2
g151.Tcas	CYPR
g1280.Tcas	Uncharacterized
g1311.Tcas	CYP4
g1313.Tcas	CYP4
g1322.Tcas	CYPM
g1331.Tcas	CYP3
g113.Tcas	CYP2
g1341.Tcas	CYP2
g1360.Tcas	CYP3
g1376.Tcas	CYP4
g1400.Tcas	CYP3
g178.Tcas	CYP4
g33.Tcas	CYP4
g368.Tcas	CYP4
g437.Tcas	CYP4
g562.Tcas	CYP4
g1030.Tcas	CYP3
g596.Tcas	CYP3
g622.Tcas	CYP3
g671.Tcas	CYP3
g871.Tcas	CYP2
g929.Tcas	CYP4
g957.Tcas	CYPM
g1143.Tcas	CYP4
g10.Tcas	CYP4
g1122.Tcas	Uncharacterized
g1126.Tcas	CYPM
g1152.Tcas	CYP4
g1661.Tcri	CYP3
g1256.Tcri	CYP4
g1276.Tcri	CYP4
g1293.Tcri	CYP2
g1487.Tcri	CYP3
g1355.Tcri	CYP2
g1399.Tcri	CYP2
g1420.Tcri	CYP2
g1444.Tcri	CYP2
g1461.Tcri	CYP3
g1643.Tcri	CYP3
g224.Tcri	CYP4
g1678.Tcri	CYP3
g2811.Tcri	CYP2
g1721.Tcri	CYP3
g1747.Tcri	CYP3
g1839.Tcri	Uncharacterized
g1942.Tcri	CYP4
g2114.Tcri	CYP3
g2150.Tcri	CYP3
g2169.Tcri	CYP3
g2173.Tcri	CYP4
g1015.Tcri	CYP4
g2194.Tcri	CYP3
g2248.Tcri	CYP4
g2495.Tcri	CYP4
g2563.Tcri	CYP3
g2594.Tcri	Uncharacterized
g2655.Tcri	CYP3
g2662.Tcri	CYP3
g2677.Tcri	CYP3
g2805.Tcri	CYP2
g2848.Tcri	CYP3
g2203.Tcri	Uncharacterized
g2873.Tcri	CYP3
g2877.Tcri	CYPR
g3032.Tcri	CYP3
g438.Tcri	CYPM
g510.Tcri	CYP3
g614.Tcri	Uncharacterized
g856.Tcri	CYP4
g1078.Tcri	CYP2
g904.Tcri	Uncharacterized
g973.Tcri	CYP3
g10.Tcri	CYP4
g1110.Tcri	CYPM
g1187.Tcri	CYP2
g1233.Tcri	CYP3
g5595.Tocc	Uncharacterized
g478.Tocc	CYP4
g6217.Tocc	CYP4
g714.Tocc	CYP3
g918.Tocc	CYP3
g2129.Tocc	Uncharacterized
g578.Tocc	Uncharacterized
g2704.Tocc	Uncharacterized
g153.Tocc	CYP2
g2676.Tocc	Uncharacterized
g301.Tocc	CYP4
g3517.Tocc	CYP3
g3766.Tocc	CYP4
g919.Tsin	Uncharacterized
g1088.Tsin	CYP2
g1119.Tsin	CYP2
g1146.Tsin	CYP2
g1171.Tsin	CYP4
g1284.Tsin	CYP4
g1365.Tsin	CYP4
g13.Tsin	CYP4
g1391.Tsin	CYP4
g1496.Tsin	CYP4
g169.Tsin	CYP4
g95.Tsin	CYP4
g1757.Tsin	CYPM
g1760.Tsin	CYP2
g1772.Tsin	CYP4
g1779.Tsin	CYP2
g1790.Tsin	CYP3
g1817.Tsin	CYP3
g1830.Tsin	CYP4
g1899.Tsin	CYPR
g192.Tsin	CYPM
g1986.Tsin	Uncharacterized
g102.Tsin	CYP4
g2078.Tsin	CYP2
g2125.Tsin	CYP2
g2156.Tsin	CYP2
g2180.Tsin	CYP4
g2193.Tsin	CYPM
g2309.Tsin	CYPM
g238.Tsin	CYP3
g2366.Tsin	CYP4
g2487.Tsin	CYP4
g2729.Tsin	CYP4
g1032.Tsin	CYP3
g260.Tsin	CYP2
g2924.Tsin	Uncharacterized
g307.Tsin	CYP4
g2976.Tsin	Uncharacterized
g3232.Tsin	Uncharacterized
g3572.Tsin	CYPM
g3610.Tsin	CYP4
g3616.Tsin	CYP2
g3946.Tsin	Uncharacterized
g1039.Tsin	CYP3
g39.Tsin	CYP4
g4091.Tsin	CYP3
g478.Tsin	CYP4
g4122.Tsin	CYP3
g4152.Tsin	CYPM
g41.Tsin	CYP4
g4349.Tsin	CYP3
g4453.Tsin	CYP3
g4513.Tsin	CYP3
g5021.Tsin	Uncharacterized
g1046.Tsin	CYP2
g5275.Tsin	Uncharacterized
g5445.Tsin	Uncharacterized
g635.Tsin	CYP4
g683.Tsin	CYP4
g705.Tsin	CYP4
g72.Tsin	CYP4
g756.Tsin	CYP4
g94.Tsin	CYP4
g925.Tsin	CYP3
g1058.Tsin	CYP2
g116.Tsin	CYP4
g1073.Tsin	CYP2
g707.Vvia	Uncharacterized
g2082.Vvia	CYP4
g7386.Vvia	CYP2
g7402.Vvia	CYP2
g7425.Vvia	CYP3
g7426.Vvia	CYP4
g7481.Vvia	CYP2
g7494.Vvia	CYP3
g7505.Vvia	CYP3
g7522.Vvia	CYP3
g7540.Vvia	Uncharacterized
g7555.Vvia	CYP3
g7815.Vvia	CYP3
g7564.Vvia	CYP4
g7588.Vvia	CYP3
g7629.Vvia	CYP3
g7641.Vvia	CYP3
g7644.Vvia	CYP3
g7645.Vvia	CYP3
g7668.Vvia	CYPM
g7700.Vvia	Uncharacterized
g7733.Vvia	CYP3
g7763.Vvia	CYPM
g2366.Vvia	Uncharacterized
g290.Vvia	Uncharacterized
g3023.Vvia	Uncharacterized
g348.Vvia	CYP3
g3626.Vvia	Uncharacterized
g370.Vvia	CYP3
g3691.Vvia	CYP4
g3705.Vvia	CYP4
g152.Vvia	Uncharacterized
g3851.Vvia	Uncharacterized
g400.Vvia	CYPM
g44.Vvia	CYP3
g4058.Vvia	CYP3
g4064.Vvia	CYP3
g4067.Vvia	CYP4
g4081.Vvia	CYP3
g4215.Vvia	Uncharacterized
g467.Vvia	CYPM
g4484.Vvia	Uncharacterized
g1068.Vvia	CYP3
g4515.Vvia	Uncharacterized
g4742.Vvia	CYP3
g4768.Vvia	CYP3
g4770.Vvia	CYP3
g4771.Vvia	CYP2
g4812.Vvia	CYP4
g4844.Vvia	CYP4
g4858.Vvia	CYP4
g4860.Vvia	CYP4
g4870.Vvia	Uncharacterized
g1069.Vvia	Uncharacterized
g4883.Vvia	CYP4
g4887.Vvia	CYP4
g4896.Vvia	CYP4
g4898.Vvia	CYP4
g4902.Vvia	CYP4
g4907.Vvia	CYP4
g4912.Vvia	CYP4
g4929.Vvia	CYP3
g4932.Vvia	CYP3
g4961.Vvia	CYP3
g19.Vvia	Uncharacterized
g54.Vvia	CYP3
g5065.Vvia	Uncharacterized
g5202.Vvia	CYP3
g530.Vvia	CYP3
g5304.Vvia	CYP3
g537.Vvia	CYP3
g5416.Vvia	CYP4
g5511.Vvia	CYP4
g552.Vvia	CYP3
g5560.Vvia	CYPR
g1136.Vvia	Uncharacterized
g557.Vvia	CYP3
g5580.Vvia	CYPR
g5597.Vvia	CYP3
g559.Vvia	CYP3
g5606.Vvia	CYP2
g5633.Vvia	CYP3
g5657.Vvia	Uncharacterized
g577.Vvia	CYP3
g5753.Vvia	CYP4
g5785.Vvia	Uncharacterized
g1212.Vvia	Uncharacterized
g5911.Vvia	CYP3
g5921.Vvia	CYP3
g5943.Vvia	CYP3
g6006.Vvia	CYP3
g6055.Vvia	Uncharacterized
g608.Vvia	Uncharacterized
g6311.Vvia	Uncharacterized
g6422.Vvia	CYP3
g6434.Vvia	CYP2
g6441.Vvia	CYP2
g1715.Vvia	CYP4
g6984.Vvia	CYP3
g6486.Vvia	CYPM
g843.Vvia	CYP3
g6627.Vvia	CYP3
g6634.Vvia	CYP2
g6753.Vvia	Uncharacterized
g6772.Vvia	CYP3
g6796.Vvia	CYP4
g7002.Vvia	CYPM
g7011.Vvia	CYP4
g1730.Vvia	CYP4
g7018.Vvia	CYP4
g7027.Vvia	CYP4
g7030.Vvia	CYP4
g7044.Vvia	CYP3
g7100.Vvia	CYP4
g7108.Vvia	CYP4
g7119.Vvia	CYP4
g7151.Vvia	Uncharacterized
g7304.Vvia	CYPM
g7346.Vvia	CYP2
g192.Xbra	CYP4
g469.Xbra	CYP3
g1347.Znev	Uncharacterized
g2085.Znev	CYP4
g225.Znev	CYP2
g2191.Znev	CYP4
g566.Znev	CYP4
g2304.Znev	CYP3
g328.Znev	Uncharacterized
g4148.Znev	CYP4
g3871.Znev	CYP3
g3277.Znev	CYP4
g3281.Znev	CYP4
g3987.Znev	Uncharacterized
g3408.Znev	CYP3
g3491.Znev	CYP3
g3507.Znev	CYP3
g3512.Znev	CYP3
g3598.Znev	Uncharacterized
g380.Znev	Uncharacterized
g406.Znev	CYP3
g4075.Znev	CYP3
g4102.Znev	CYP3
g4114.Znev	CYP3
g2.Znev	CYP3
g81.Znev	CYP2
g442.Znev	CYPM
g4358.Znev	CYPM
g4417.Znev	CYP2
g4428.Znev	CYP2
g4462.Znev	CYP2
g4513.Znev	Uncharacterized
g827.Znev	CYP4
g674.Znev	CYP4
g3722.Znev	CYP3
g4137.Znev	CYP4
g166.Znev	CYPM
g200.Znev	CYP2
g1984.Znev	Uncharacterized
g2028.Znev	CYP2
g546.Ztra	CYP3
g1298.Ztra	Uncharacterized
g138.Ztra	Uncharacterized
g1381.Ztra	CYP4
g1406.Ztra	CYP2
g1450.Ztra	CYP2
g182.Ztra	CYP3
g1741.Ztra	CYP3
g1748.Ztra	CYPM
g1755.Ztra	CYPM
g103.Ztra	CYP3
g1869.Ztra	CYP3
g1883.Ztra	CYP3
g1920.Ztra	CYP3
g1945.Ztra	CYP4
g1947.Ztra	CYP4
g1952.Ztra	CYP4
g1961.Ztra	CYP2
g196.Ztra	CYP3
g2020.Ztra	CYPM
g2033.Ztra	CYP3
g52.Ztra	CYP4
g2044.Ztra	CYP3
g218.Ztra	CYP3
g2061.Ztra	CYP2
g2084.Ztra	CYP4
g2140.Ztra	CYP2
g2185.Ztra	Uncharacterized
g2218.Ztra	CYP3
g2251.Ztra	Uncharacterized
g283.Ztra	CYP3
g2337.Ztra	CYP2
g1158.Ztra	CYP3
g2412.Ztra	CYP4
g2575.Ztra	CYPR
g2608.Ztra	CYP3
g2611.Ztra	CYP3
g2626.Ztra	CYP3
g2913.Ztra	Uncharacterized
g3137.Ztra	CYP3
g3139.Ztra	CYP3
g3142.Ztra	CYP4
g3153.Ztra	CYP3
g1173.Ztra	CYP2
g3163.Ztra	CYPM
g3276.Ztra	Uncharacterized
g419.Ztra	CYP3
g578.Ztra	Uncharacterized
g930.Ztra	CYP3
g1178.Ztra	CYP4
g1200.Ztra	CYP4
g122.Ztra	Uncharacterized
g1227.Ztra	CYP4
